Hybridization REF,BRCA1,BRCA2,TP53,CANCER
TCGA-AO-A0JF-01A-11R-A056-07,-2.07175,-2.2185,-0.1083333333,1
TCGA-E2-A14W-01A-11R-A12D-07,-0.6776666667,-3.31075,-0.8066666667,1
TCGA-BH-A0DT-11A-12R-A12D-07,-2.131916667,-3.803,-0.887666667,0
TCGA-A7-A13F-11A-42R-A12P-07,-2.596333333,-2.8785,-0.4115,0
TCGA-A8-A07S-01A-11R-A034-07,-0.9421666667,-0.863,-0.3773333333,1
TCGA-BH-A18R-11A-42R-A12D-07,-2.02525,-2.58175,-0.855666667,0
TCGA-AO-A0JE-01A-11R-A056-07,-0.9246666667,-0.535,-0.1441666667,1
TCGA-BH-A18P-01A-11R-A12D-07,-1.5235,-1.259,-0.5811666667,1
TCGA-A8-A076-01A-21R-A00Z-07,-1.898416667,-0.748,-0.5108333333,1
TCGA-BH-A0H9-11A-22R-A089-07,-1.72325,-0.39075,-0.414333333,0
TCGA-BH-A0DQ-11A-12R-A089-07,-2.23775,-2.17525,0.009666667,0
TCGA-BH-A0DH-11A-31R-A089-07,-1.969083333,-2.81275,-1.562333333,0
TCGA-BH-A18R-11A-42R-A12D-07,-2.02525,-2.58175,-0.855666667,0
TCGA-AQ-A04L-01B-21R-A10J-07,-1.769583333,-1.98075,-0.6336666667,1
TCGA-E2-A15M-11A-22R-A12D-07,-1.795083333,-1.98375,-0.050833333,0
TCGA-BH-A0B0-01A-21R-A115-07,-2.551083333,-1.468,0.808,1
TCGA-BH-A0H9-11A-22R-A089-07,-1.72325,-0.39075,-0.414333333,0
TCGA-B6-A0WY-01A-11R-A109-07,-1.5505,-0.8585,0.03566666667,1
TCGA-BH-A18J-01A-11R-A12D-07,-1.63075,-0.565,-0.1626666667,1
TCGA-BH-A0H5-11A-62R-A115-07,-2.185916667,-2.4985,-0.245333333,0
TCGA-A2-A0SW-01A-11R-A084-07,-1.669833333,-1.00625,-0.567,1
TCGA-BH-A1EO-11A-31R-A137-07,-1.994416667,-2.82425,-0.866166667,0
TCGA-AR-A0TY-01A-12R-A115-07,-1.504916667,0.427,0.2143333333,1
TCGA-BH-A0DO-11A-22R-A12D-07,-2.243083333,-2.66075,0.369333333,0
TCGA-A7-A0CH-01A-21R-A00Z-07,-1.514666667,-1.965,0.07533333333,1
TCGA-AN-A0AT-01A-11R-A034-07,-3.0265,1.74175,-2.418166667,1
TCGA-A8-A094-01A-11R-A00Z-07,-1.786166667,-0.0405,-1.739833333,1
TCGA-C8-A12M-01A-11R-A115-07,-2.00575,-1.74875,1.126166667,1
TCGA-BH-A1EU-11A-23R-A137-07,-2.476083333,-3.692,-0.347,0
TCGA-BH-A0DH-11A-31R-A089-07,-1.969083333,-2.81275,-1.562333333,0
TCGA-AO-A12E-01A-11R-A10J-07,-0.62,-0.726,-0.5393333333,1
TCGA-E2-A150-01A-11R-A12D-07,-1.44975,-1.16125,-1.6245,1
TCGA-E2-A15M-11A-22R-A12D-07,-1.795083333,-1.98375,-0.050833333,0
TCGA-BH-A0HK-11A-11R-A089-07,-2.34625,-1.81,-0.088666667,0
TCGA-A2-A0EQ-01A-11R-A034-07,-0.87825,0.29075,0.1613333333,1
TCGA-AO-A0J7-01A-11R-A034-07,-0.4470833333,-0.36875,0.3025,1
TCGA-A8-A08P-01A-11R-A00Z-07,-0.9535833333,-0.98525,-1.433833333,1
TCGA-A7-A0CE-11A-21R-A089-07,-2.149,-1.93275,-0.974666667,0
TCGA-BH-A18J-11A-31R-A12D-07,-2.219166667,-2.66625,-1.376166667,0
TCGA-BH-A18R-11A-42R-A12D-07,-2.02525,-2.58175,-0.855666667,0
TCGA-E2-A15S-01A-11R-A115-07,-0.8308333333,-1.17775,-0.463,1
TCGA-A8-A0AB-01A-11R-A034-07,-0.5295833333,-1.47725,-0.3126666667,1
TCGA-AN-A0AM-01A-11R-A034-07,-1.418916667,0.0425,-0.5353333333,1
TCGA-A8-A06N-01A-12R-A056-07,-1.10125,-1.229,-0.9928333333,1
TCGA-BH-A0B7-11A-34R-A115-07,-2.439083333,-2.6525,0.4265,0
TCGA-BH-A0DO-11A-22R-A12D-07,-2.243083333,-2.66075,0.369333333,0
TCGA-BH-A0H7-11A-13R-A089-07,-2.022166667,-1.6555,-0.446833333,0
TCGA-BH-A18N-11A-43R-A12D-07,-2.244583333,-2.40275,-1.431333333,0
TCGA-AO-A03M-01B-11R-A10J-07,-1.527666667,-0.4615,-1.3695,1
TCGA-BH-A0HK-11A-11R-A089-07,-2.34625,-1.81,-0.088666667,0
TCGA-BH-A0B8-11A-41R-A089-07,-2.463083333,-3.7165,-0.742666667,0
TCGA-AO-A0JJ-01A-11R-A056-07,-0.975,-1.235,-0.3288333333,1
TCGA-E2-A153-11A-31R-A12D-07,-0.627,-2.07,-0.289333333,0
TCGA-BH-A0E0-01A-11R-A056-07,-0.9785833333,-2.108,0.3815,1
TCGA-BH-A0DZ-11A-22R-A089-07,-1.776,-1.2245,0.490333333,0
TCGA-A8-A06O-01A-11R-A00Z-07,-0.1266666667,-1.104,-0.4921666667,1
TCGA-BH-A0HK-11A-11R-A089-07,-2.34625,-1.81,-0.088666667,0
TCGA-B6-A0X1-01A-11R-A109-07,-0.3098333333,0.379,-1.989833333,1
TCGA-E2-A10E-01A-21R-A10J-07,-1.17425,-1.28325,0.09283333333,1
TCGA-B6-A0X0-01A-21R-A115-07,-1.400666667,-1.049,1.484833333,1
TCGA-BH-A18S-11A-43R-A12D-07,-2.301166667,-2.33475,-1.161166667,0
TCGA-A2-A0CY-01A-12R-A034-07,-1.94125,-0.9485,0.2508333333,1
TCGA-BH-A0HK-11A-11R-A089-07,-2.34625,-1.81,-0.088666667,0
TCGA-A7-A0CH-11A-32R-A089-07,-2.014666667,-1.56325,-1.242666667,0
TCGA-B6-A0IG-01A-11R-A034-07,0.5180833333,0.641,-0.5126666667,1
TCGA-BH-A0B3-11B-21R-A089-07,-2.307833333,-1.91125,-0.216166667,0
TCGA-E2-A15M-11A-22R-A12D-07,-1.795083333,-1.98375,-0.050833333,0
TCGA-A7-A13F-11A-42R-A12P-07,-2.596333333,-2.8785,-0.4115,0
TCGA-BH-A0BM-11A-12R-A089-07,-1.896166667,-1.93175,-0.159833333,0
TCGA-BH-A0W3-01A-11R-A109-07,-0.4813333333,-0.47575,-0.5306666667,1
TCGA-BH-A0BV-11A-31R-A089-07,-2.180666667,-1.72075,0.145666667,0
TCGA-BH-A0BQ-11A-33R-A115-07,-1.88375,-1.29425,0.3355,0
TCGA-AR-A1AV-01A-21R-A12P-07,-1.716833333,-0.92925,0.59,1
TCGA-B6-A0RM-01A-11R-A084-07,-1.1735,-0.35475,0.1688333333,1
TCGA-A2-A0YC-01A-11R-A109-07,-0.966,-0.852,-0.5703333333,1
TCGA-BH-A18P-11A-43R-A12D-07,-2.626166667,-2.62725,-0.844333333,0
TCGA-BH-A0BD-01A-11R-A034-07,-0.9085,0.136,0.1605,1
TCGA-A8-A08T-01A-21R-A00Z-07,-1.917833333,-2.659,0.5411666667,1
TCGA-E2-A10B-01A-11R-A10J-07,-1.406583333,-0.92125,-0.4528333333,1
TCGA-E2-A15I-11A-32R-A137-07,-2.527916667,-3.1455,-0.628666667,0
TCGA-BH-A18M-11A-33R-A12D-07,-2.723363636,-2.3495,-0.640166667,0
TCGA-BH-A0AY-11A-23R-A089-07,-2.202916667,-2.31275,-0.382,0
TCGA-BH-A0BV-11A-31R-A089-07,-2.180666667,-1.72075,0.145666667,0
TCGA-BH-A0DZ-11A-22R-A089-07,-1.776,-1.2245,0.490333333,0
TCGA-A7-A13F-11A-42R-A12P-07,-2.596333333,-2.8785,-0.4115,0
TCGA-BH-A0H5-11A-62R-A115-07,-2.185916667,-2.4985,-0.245333333,0
TCGA-BH-A18G-01A-11R-A12D-07,-1.996833333,-1.2155,-0.2665,1
TCGA-A8-A07C-01A-11R-A034-07,-3.386166667,0.5695,-1.885666667,1
TCGA-BH-A0B7-11A-34R-A115-07,-2.439083333,-2.6525,0.4265,0
TCGA-BH-A1ET-11B-23R-A137-07,-2.880916667,-2.9755,-0.625166667,0
TCGA-BH-A0BR-01A-21R-A115-07,-2.114916667,-1.25525,-0.1353333333,1
TCGA-C8-A12Q-01A-11R-A115-07,-1.7885,-0.1915,-0.1281666667,1
TCGA-BH-A18L-11A-42R-A12D-07,-2.418333333,-3.41125,-1.0265,0
TCGA-C8-A132-01A-31R-A115-07,-1.996333333,-0.66925,-0.3256666667,1
TCGA-E2-A1BC-11A-32R-A12P-07,-2.627166667,-4.04475,-0.747333333,0
TCGA-A7-A0D9-11A-53R-A089-07,-2.223583333,-2.32625,-1.66,0
TCGA-BH-A18V-01A-11R-A12D-07,-0.518,0.47975,-1.542166667,1
TCGA-BH-A18N-11A-43R-A12D-07,-2.244583333,-2.40275,-1.431333333,0
TCGA-A2-A0T3-01A-21R-A115-07,-0.9271666667,-0.6795,-0.7618333333,1
TCGA-AN-A0FD-01A-11R-A034-07,-2.684727273,0.38575,-1.675333333,1
TCGA-BH-A0H7-01A-13R-A056-07,-1.399166667,-1.8065,-0.3851666667,1
TCGA-A2-A04Q-01A-21R-A034-07,-1.300333333,-0.379,-1.181333333,1
TCGA-BH-A1EW-11B-33R-A137-07,-1.965666667,-2.4405,-1.487666667,0
TCGA-D8-A147-01A-11R-A115-07,-0.8086666667,-1.182,0.3315,1
TCGA-A8-A085-01A-11R-A00Z-07,-0.58725,-2.6825,-0.6446666667,1
TCGA-BH-A0H7-11A-13R-A089-07,-2.022166667,-1.6555,-0.446833333,0
TCGA-BH-A18V-11A-52R-A12D-07,-2.429083333,-2.3925,-0.435333333,0
TCGA-BH-A18R-11A-42R-A12D-07,-2.02525,-2.58175,-0.855666667,0
TCGA-BH-A0BF-01A-21R-A12P-07,-2.252333333,-1.172,0.3908333333,1
TCGA-BH-A0DP-11A-12R-A089-07,-2.53875,-2.29925,-0.115833333,0
TCGA-BH-A0H5-11A-62R-A115-07,-2.185916667,-2.4985,-0.245333333,0
TCGA-E2-A15A-06A-11R-A12D-07,-0.7659166667,-1.17175,-0.3146666667,1
TCGA-BH-A0AU-11A-11R-A12P-07,-1.997916667,-3.80275,-0.184666667,0
TCGA-A7-A0CG-01A-12R-A056-07,-2.31375,-2.5625,-0.7355,1
TCGA-AR-A1AQ-01A-11R-A12P-07,-1.286083333,0.52025,-0.444,1
TCGA-AR-A1AL-01A-21R-A12P-07,-2.521083333,-1.88225,-0.2923333333,1
TCGA-A2-A0EV-01A-11R-A034-07,-0.7325,-0.8125,-0.62,1
TCGA-A7-A13E-11A-61R-A12P-07,-2.816583333,-3.3685,0.0395,0
TCGA-E2-A1BD-01A-11R-A12P-07,-1.17275,-0.812,0.289,1
TCGA-BH-A0BS-11A-11R-A12P-07,-2.333272727,-1.778666667,0.029666667,0
TCGA-E2-A158-11A-22R-A12D-07,-2.79625,-2.456,-0.8465,0
TCGA-BH-A18J-11A-31R-A12D-07,-2.219166667,-2.66625,-1.376166667,0
TCGA-BH-A1ET-01A-11R-A137-07,-2.266166667,-1.682,-0.29,1
TCGA-BH-A0EI-01A-11R-A115-07,-2.345916667,-1.185,0.3448333333,1
TCGA-AR-A0TW-01A-11R-A084-07,-1.695166667,-1.5405,-0.5583333333,1
TCGA-BH-A0H3-01A-11R-A12P-07,-1.7705,-0.8905,-0.4736666667,1
TCGA-BH-A18K-11A-13R-A12D-07,-2.428083333,-3.305,0.386333333,0
TCGA-BH-A0AU-11A-11R-A12P-07,-1.997916667,-3.80275,-0.184666667,0
TCGA-BH-A0C0-11A-21R-A089-07,-2.402583333,-2.331,0.135333333,0
TCGA-A2-A0CQ-01A-21R-A034-07,-1.35975,-0.645,-0.4283333333,1
TCGA-BH-A1EW-11B-33R-A137-07,-1.965666667,-2.4405,-1.487666667,0
TCGA-BH-A18V-11A-52R-A12D-07,-2.429083333,-2.3925,-0.435333333,0
TCGA-A7-A0D9-01A-31R-A056-07,-2.104416667,-2.6325,-0.9185,1
TCGA-B6-A0RS-01A-11R-A084-07,-1.9555,0.53775,0.2315,1
TCGA-A2-A04X-01A-21R-A034-07,-1.26825,-0.049,-1.062666667,1
TCGA-A1-A0SM-01A-11R-A084-07,-1.995666667,-1.2315,-0.3845,1
TCGA-BH-A1F0-11B-23R-A137-07,-2.4855,-3.664,-0.4075,0
TCGA-AR-A1AX-01A-11R-A12P-07,-2.184666667,-1.29275,-0.6345,1
TCGA-A8-A08B-01A-11R-A00Z-07,-1.187333333,0.03875,-2.161666667,1
TCGA-BH-A18Q-01A-12R-A12D-07,-1.016583333,-1.366,-2.088666667,1
TCGA-BH-A0BG-01A-11R-A115-07,-1.35375,-0.5525,-1.517666667,1
TCGA-BH-A18N-11A-43R-A12D-07,-2.244583333,-2.40275,-1.431333333,0
TCGA-BH-A0DK-11A-13R-A089-07,-2.22875,-1.57325,-0.125666667,0
TCGA-A2-A0EX-01A-21R-A034-07,-2.121916667,-3.01675,-0.395,1
TCGA-BH-A0HO-01A-11R-A034-07,-1.584416667,-1.01925,-0.5345,1
TCGA-BH-A1EO-11A-31R-A137-07,-1.994416667,-2.82425,-0.866166667,0
TCGA-BH-A0H7-11A-13R-A089-07,-2.022166667,-1.6555,-0.446833333,0
TCGA-A8-A07J-01A-11R-A00Z-07,-1.781416667,-1.71975,0.2001666667,1
TCGA-A2-A0YD-01A-11R-A109-07,-2.073333333,-1.813,-0.06616666667,1
TCGA-BH-A0DL-11A-13R-A115-07,-2.019833333,-1.9985,-0.191333333,0
TCGA-BH-A0W5-01A-11R-A109-07,-1.85675,-0.69725,-0.1851666667,1
TCGA-A2-A0CX-01A-21R-A00Z-07,-1.449916667,-0.02325,-0.3536666667,1
TCGA-A7-A0CH-11A-32R-A089-07,-2.014666667,-1.56325,-1.242666667,0
TCGA-BH-A1F0-11B-23R-A137-07,-2.4855,-3.664,-0.4075,0
TCGA-AN-A0FV-01A-11R-A00Z-07,-1.62425,-0.577,0.1026666667,1
TCGA-A8-A07R-01A-21R-A034-07,-0.8341666667,-2.15475,-0.296,1
TCGA-BH-A0B5-11A-23R-A12P-07,-2.867083333,-3.4205,-0.861166667,0
TCGA-BH-A0GZ-01A-11R-A056-07,-0.8616666667,1.4975,-0.04066666667,1
TCGA-BH-A1EW-11B-33R-A137-07,-1.965666667,-2.4405,-1.487666667,0
TCGA-A2-A0T0-01A-22R-A084-07,-0.90825,-2.34525,0.1645,1
TCGA-A7-A0CD-01A-11R-A00Z-07,-0.7565454545,-1.971,-0.388,1
TCGA-B6-A0I8-01A-11R-A034-07,-1.881083333,-3.43625,-1.0545,1
TCGA-BH-A1ET-11B-23R-A137-07,-2.880916667,-2.9755,-0.625166667,0
TCGA-BH-A0B1-01A-12R-A056-07,-1.356833333,-1.33125,-0.4595,1
TCGA-A2-A0EM-01A-11R-A034-07,-2.120666667,-2.52775,0.1321666667,1
TCGA-BH-A0BZ-11A-61R-A12P-07,-2.6265,-2.9515,-0.639,0
TCGA-BH-A0DZ-11A-22R-A089-07,-1.776,-1.2245,0.490333333,0
TCGA-BH-A0BA-11A-22R-A089-07,-1.53225,-1.4145,-0.6455,0
TCGA-AR-A1AT-01A-11R-A12P-07,-1.08525,-1.5975,-0.0945,1
TCGA-BH-A0DO-11A-22R-A12D-07,-2.243083333,-2.66075,0.369333333,0
TCGA-BH-A18T-01A-11R-A12D-07,-1.20125,-0.654,-0.7743333333,1
TCGA-BH-A0DT-11A-12R-A12D-07,-2.131916667,-3.803,-0.887666667,0
TCGA-BH-A0E1-11A-13R-A089-07,-2.267416667,-1.5365,-0.153666667,0
TCGA-E2-A1BC-11A-32R-A12P-07,-2.627166667,-4.04475,-0.747333333,0
TCGA-BH-A0DD-11A-23R-A12P-07,-2.299,-2.1505,-0.946666667,0
TCGA-BH-A0DQ-11A-12R-A089-07,-2.23775,-2.17525,0.009666667,0
TCGA-AN-A0AJ-01A-11R-A00Z-07,-0.44125,-0.48275,-1.321,1
TCGA-BH-A0BS-01A-11R-A12P-07,-1.825833333,-0.8235,0.4466666667,1
TCGA-BH-A0H7-11A-13R-A089-07,-2.022166667,-1.6555,-0.446833333,0
TCGA-A8-A08C-01A-11R-A00Z-07,-2.110083333,-2.105,0.6863333333,1
TCGA-D8-A146-01A-31R-A115-07,-2.449666667,-1.488,0.002666666667,1
TCGA-BH-A18Q-11A-34R-A12D-07,-2.086083333,-3.15925,-0.281666667,0
TCGA-BH-A1F0-01A-11R-A137-07,-0.6543333333,-0.1725,-0.7355,1
TCGA-BH-A0BT-01A-11R-A12P-07,-1.679083333,-2.6045,0.2926666667,1
TCGA-BH-A0BA-11A-22R-A089-07,-1.53225,-1.4145,-0.6455,0
TCGA-A2-A04T-01A-21R-A034-07,-3.272166667,1.37625,0.9891666667,1
TCGA-E2-A15R-01A-11R-A115-07,-0.7145,-0.26475,-0.3495,1
TCGA-BH-A0BS-11A-11R-A12P-07,-2.333272727,-1.778666667,0.029666667,0
TCGA-BH-A0BW-11A-12R-A115-07,-1.479583333,-1.426,0.162666667,0
TCGA-BH-A0C3-01A-21R-A12P-07,-1.63975,-1.6065,-0.978,1
TCGA-A8-A07I-01A-11R-A00Z-07,-1.74475,-0.60725,-0.5405,1
TCGA-BH-A0BW-11A-12R-A115-07,-1.479583333,-1.426,0.162666667,0
TCGA-A2-A0D1-01A-11R-A034-07,-1.661416667,-0.8145,-1.890666667,1
TCGA-BH-A0W7-01A-11R-A115-07,-2.089166667,0.45025,-0.2836666667,1
TCGA-AN-A0XR-01A-11R-A109-07,-1.1525,-0.15875,-0.514,1
TCGA-A8-A09I-01A-22R-A034-07,-1.28925,0.4475,-0.134,1
TCGA-BH-A0HK-01A-11R-A056-07,-2.006083333,-1.6755,-0.5056666667,1
TCGA-BH-A0E0-11A-13R-A089-07,-2.23025,-1.74925,-0.659666667,0
TCGA-BH-A0BW-11A-12R-A115-07,-1.479583333,-1.426,0.162666667,0
TCGA-A2-A04P-01A-31R-A034-07,-3.127,1.54975,-1.8085,1
TCGA-BH-A0DH-11A-31R-A089-07,-1.969083333,-2.81275,-1.562333333,0
TCGA-BH-A0DQ-01A-11R-A084-07,-1.356833333,-0.40675,-0.1958333333,1
TCGA-BH-A0BC-11A-22R-A089-07,-1.792583333,-1.64825,-2.3795,0
TCGA-E2-A152-01A-11R-A12D-07,-1.864583333,-2.44925,-0.9186666667,1
TCGA-BH-A1EU-11A-23R-A137-07,-2.476083333,-3.692,-0.347,0
TCGA-A2-A0YE-01A-11R-A109-07,-0.9450833333,0.23975,-2.374333333,1
TCGA-E2-A1BC-11A-32R-A12P-07,-2.627166667,-4.04475,-0.747333333,0
TCGA-BH-A1EU-11A-23R-A137-07,-2.476083333,-3.692,-0.347,0
TCGA-BH-A0BQ-11A-33R-A115-07,-1.88375,-1.29425,0.3355,0
TCGA-BH-A1EW-01A-11R-A137-07,-1.175166667,-0.86775,-0.1781666667,1
TCGA-E2-A15I-11A-32R-A137-07,-2.527916667,-3.1455,-0.628666667,0
TCGA-BH-A0E1-11A-13R-A089-07,-2.267416667,-1.5365,-0.153666667,0
TCGA-E2-A14X-01A-11R-A115-07,-1.685416667,-0.577,-1.289833333,1
TCGA-B6-A0RT-01A-21R-A084-07,-2.50425,-0.30075,0.524,1
TCGA-BH-A0AY-11A-23R-A089-07,-2.202916667,-2.31275,-0.382,0
TCGA-BH-A0DQ-11A-12R-A089-07,-2.23775,-2.17525,0.009666667,0
TCGA-BH-A0DL-11A-13R-A115-07,-2.019833333,-1.9985,-0.191333333,0
TCGA-A8-A09K-01A-11R-A00Z-07,-1.891333333,-0.9495,-0.5248333333,1
TCGA-BH-A0C3-11A-23R-A12P-07,-2.662166667,-2.58125,0.096166667,0
TCGA-A8-A084-01A-21R-A00Z-07,-1.346666667,0.43525,-1.680666667,1
TCGA-BH-A0DV-11A-22R-A12P-07,-2.410333333,-2.1645,0.885833333,0
TCGA-E2-A154-01A-11R-A115-07,-0.7824166667,0.07475,1.2015,1
TCGA-BH-A0HK-11A-11R-A089-07,-2.34625,-1.81,-0.088666667,0
TCGA-B6-A0WW-01A-11R-A109-07,-1.111666667,-1.65475,-0.4028333333,1
TCGA-BH-A0B5-11A-23R-A12P-07,-2.867083333,-3.4205,-0.861166667,0
TCGA-A7-A0CH-11A-32R-A089-07,-2.014666667,-1.56325,-1.242666667,0
TCGA-B6-A0I5-01A-11R-A034-07,-1.134583333,-0.38025,-0.9748333333,1
TCGA-A2-A0YK-01A-22R-A109-07,-2.109166667,-1.0495,-0.1096666667,1
TCGA-BH-A18U-11A-23R-A12D-07,-2.443833333,-2.623,-0.3935,0
TCGA-A7-A13E-11A-61R-A12P-07,-2.816583333,-3.3685,0.0395,0
TCGA-BH-A0B4-01A-11R-A00Z-07,-0.423,-1.732,-0.5598333333,1
TCGA-BH-A0DD-11A-23R-A12P-07,-2.299,-2.1505,-0.946666667,0
TCGA-BH-A18L-11A-42R-A12D-07,-2.418333333,-3.41125,-1.0265,0
TCGA-BH-A0DS-01A-11R-A056-07,-1.56625,-0.20875,-0.2856666667,1
TCGA-BH-A0BA-11A-22R-A089-07,-1.53225,-1.4145,-0.6455,0
TCGA-AO-A12H-01A-11R-A115-07,-2.121416667,-0.91675,-0.433,1
TCGA-AR-A0TU-01A-31R-A109-07,-2.83625,0.78525,0.4523333333,1
TCGA-BH-A0DZ-11A-22R-A089-07,-1.776,-1.2245,0.490333333,0
TCGA-BH-A1ET-11B-23R-A137-07,-2.880916667,-2.9755,-0.625166667,0
TCGA-BH-A18V-11A-52R-A12D-07,-2.429083333,-2.3925,-0.435333333,0
TCGA-BH-A18Q-11A-34R-A12D-07,-2.086083333,-3.15925,-0.281666667,0
TCGA-BH-A0BJ-11A-23R-A089-07,-2.158083333,-2.2335,0.493333333,0
TCGA-BH-A0DZ-11A-22R-A089-07,-1.776,-1.2245,0.490333333,0
TCGA-A2-A0ER-01A-21R-A034-07,-1.546818182,-0.18975,-0.626,1
TCGA-A2-A0CP-01A-11R-A034-07,-2.627636364,-1.65375,-0.6621666667,1
TCGA-AO-A03U-01B-21R-A10J-07,-1.813583333,-1.497,-0.5405,1
TCGA-BH-A18J-11A-31R-A12D-07,-2.219166667,-2.66625,-1.376166667,0
TCGA-C8-A137-01A-11R-A115-07,-1.846583333,0.0635,0.575,1
TCGA-E2-A10C-01A-21R-A10J-07,-0.742,-0.1635,-1.053166667,1
TCGA-BH-A0B3-11B-21R-A089-07,-2.307833333,-1.91125,-0.216166667,0
TCGA-AO-A12D-01A-11R-A115-07,-1.565833333,-1.0695,-1.375666667,1
TCGA-BH-A1EW-11B-33R-A137-07,-1.965666667,-2.4405,-1.487666667,0
TCGA-BH-A0HW-01A-11R-A034-07,-0.47825,-0.293,-1.007166667,1
TCGA-BH-A1EO-11A-31R-A137-07,-1.994416667,-2.82425,-0.866166667,0
TCGA-BH-A0B8-11A-41R-A089-07,-2.463083333,-3.7165,-0.742666667,0
TCGA-AO-A0J9-01A-11R-A034-07,-1.074083333,0.025,-1.598333333,1
TCGA-A7-A13E-11A-61R-A12P-07,-2.816583333,-3.3685,0.0395,0
TCGA-A2-A0T6-01A-11R-A084-07,-2.039916667,-2.32425,-0.4226666667,1
TCGA-E2-A15E-06A-11R-A12D-07,-1.898416667,-2.228,0.1473333333,1
TCGA-BH-A0DP-11A-12R-A089-07,-2.53875,-2.29925,-0.115833333,0
TCGA-AN-A046-01A-21R-A034-07,-1.839083333,-1.1285,-0.07333333333,1
TCGA-BH-A18S-11A-43R-A12D-07,-2.301166667,-2.33475,-1.161166667,0
TCGA-A2-A04V-01A-21R-A034-07,-1.825666667,-0.71625,-0.4085,1
TCGA-E2-A156-01A-11R-A12D-07,-1.38325,-1.24525,0.0625,1
TCGA-BH-A18I-01A-11R-A12D-07,-1.605916667,-0.7305,-0.0475,1
TCGA-E2-A107-01A-11R-A10J-07,0.01691666667,0.031,0.2083333333,1
TCGA-BH-A0AU-11A-11R-A12P-07,-1.997916667,-3.80275,-0.184666667,0
TCGA-C8-A1HL-01A-11R-A137-07,-1.016666667,-0.177,0.1083333333,1
TCGA-BH-A0C0-11A-21R-A089-07,-2.402583333,-2.331,0.135333333,0
TCGA-E2-A158-11A-22R-A12D-07,-2.79625,-2.456,-0.8465,0
TCGA-BH-A0HA-11A-31R-A12P-07,-2.904833333,-3.0185,-0.015333333,0
TCGA-A8-A09W-01A-11R-A00Z-07,-1.137,-3.042,1.012833333,1
TCGA-A2-A04N-01A-11R-A115-07,-1.396583333,-1.0525,-1.034333333,1
TCGA-B6-A0IQ-01A-11R-A034-07,-0.7325,-0.16875,-1.7455,1
TCGA-BH-A1F0-11B-23R-A137-07,-2.4855,-3.664,-0.4075,0
TCGA-E2-A153-01A-12R-A12D-07,-1.690833333,-3.9015,-0.7778333333,1
TCGA-AN-A0FJ-01A-11R-A00Z-07,-0.5483333333,-1.29,-1.862166667,1
TCGA-BH-A0BZ-01A-31R-A12P-07,-1.244916667,-2.23625,-0.3875,1
TCGA-BH-A18R-01A-11R-A12D-07,-1.721416667,0.32175,0.2518333333,1
TCGA-E2-A15K-06A-11R-A12P-07,-0.9181666667,-0.193,0.1033333333,1
TCGA-BH-A18S-11A-43R-A12D-07,-2.301166667,-2.33475,-1.161166667,0
TCGA-BH-A0BJ-11A-23R-A089-07,-2.158083333,-2.2335,0.493333333,0
TCGA-A2-A0YG-01A-21R-A109-07,-0.9885833333,-0.103,-1.798166667,1
TCGA-E2-A14T-01A-11R-A115-07,-1.071666667,0.16325,-0.535,1
TCGA-BH-A0C0-11A-21R-A089-07,-2.402583333,-2.331,0.135333333,0
TCGA-AN-A0FS-01A-11R-A034-07,-1.969583333,-1.9675,-0.768,1
TCGA-A2-A0T7-01A-21R-A084-07,-1.640583333,-1.23575,0.3233333333,1
TCGA-E2-A158-11A-22R-A12D-07,-2.79625,-2.456,-0.8465,0
TCGA-BH-A0B7-01A-12R-A115-07,-2.526333333,-0.78625,-0.5876666667,1
TCGA-AN-A0XV-01A-11R-A109-07,-1.342,-1.1915,-0.3615,1
TCGA-BH-A0HK-11A-11R-A089-07,-2.34625,-1.81,-0.088666667,0
TCGA-A7-A0CH-11A-32R-A089-07,-2.014666667,-1.56325,-1.242666667,0
TCGA-BH-A18N-11A-43R-A12D-07,-2.244583333,-2.40275,-1.431333333,0
TCGA-BH-A18K-11A-13R-A12D-07,-2.428083333,-3.305,0.386333333,0
TCGA-BH-A18J-11A-31R-A12D-07,-2.219166667,-2.66625,-1.376166667,0
TCGA-D8-A13Y-01A-11R-A115-07,-3.9175,0.121,-1.772333333,1
TCGA-BH-A1EO-11A-31R-A137-07,-1.994416667,-2.82425,-0.866166667,0
TCGA-AQ-A04J-01A-02R-A034-07,-2.943083333,0.584,0.7676666667,1
TCGA-BH-A18Q-11A-34R-A12D-07,-2.086083333,-3.15925,-0.281666667,0
TCGA-BH-A0AY-11A-23R-A089-07,-2.202916667,-2.31275,-0.382,0
TCGA-A2-A0CU-01A-12R-A034-07,-0.6560833333,-1.242,-1.154833333,1
TCGA-BH-A0B5-11A-23R-A12P-07,-2.867083333,-3.4205,-0.861166667,0
TCGA-BH-A18H-01A-11R-A12D-07,-2.513333333,-1.9635,-1.491,1
TCGA-BH-A0BZ-11A-61R-A12P-07,-2.6265,-2.9515,-0.639,0
TCGA-E2-A15I-11A-32R-A137-07,-2.527916667,-3.1455,-0.628666667,0
TCGA-BH-A0DV-11A-22R-A12P-07,-2.410333333,-2.1645,0.885833333,0
TCGA-BH-A18U-11A-23R-A12D-07,-2.443833333,-2.623,-0.3935,0
TCGA-A8-A090-01A-11R-A00Z-07,-0.5929166667,-0.71075,-1.304,1
TCGA-BH-A0DV-11A-22R-A12P-07,-2.410333333,-2.1645,0.885833333,0
TCGA-C8-A1HI-01A-11R-A137-07,-2.4295,-1.48275,-0.445,1
TCGA-BH-A0HA-11A-31R-A12P-07,-2.904833333,-3.0185,-0.015333333,0
TCGA-BH-A0DT-11A-12R-A12D-07,-2.131916667,-3.803,-0.887666667,0
TCGA-E2-A153-11A-31R-A12D-07,-0.627,-2.07,-0.289333333,0
TCGA-BH-A0DP-11A-12R-A089-07,-2.53875,-2.29925,-0.115833333,0
TCGA-A8-A08O-01A-21R-A056-07,-1.189166667,-1.32675,-0.419,1
TCGA-A7-A0CE-11A-21R-A089-07,-2.149,-1.93275,-0.974666667,0
TCGA-BH-A0AV-01A-31R-A115-07,-3.410333333,-0.348,1.110166667,1
TCGA-AR-A1AS-01A-11R-A12P-07,-1.426,-0.581,0.4146666667,1
TCGA-BH-A0DL-11A-13R-A115-07,-2.019833333,-1.9985,-0.191333333,0
TCGA-A7-A0DB-11A-33R-A089-07,-1.928166667,-0.8015,-0.219166667,0
TCGA-E2-A1BC-11A-32R-A12P-07,-2.627166667,-4.04475,-0.747333333,0
TCGA-A2-A0CT-01A-31R-A056-07,-0.9069166667,-0.8075,-0.668,1
TCGA-B6-A0IB-01A-11R-A034-07,-1.27775,-1.68375,-0.7753333333,1
TCGA-BH-A0C3-11A-23R-A12P-07,-2.662166667,-2.58125,0.096166667,0
TCGA-E2-A15L-01A-11R-A12D-07,-0.8389166667,-0.591,0.0005,1
TCGA-AR-A1AO-01A-11R-A12P-07,-2.152583333,-0.51475,-0.8511666667,1
TCGA-B6-A0WS-01A-11R-A115-07,-1.384,-0.34125,0.1856666667,1
TCGA-BH-A1ET-11B-23R-A137-07,-2.880916667,-2.9755,-0.625166667,0
TCGA-BH-A0H5-11A-62R-A115-07,-2.185916667,-2.4985,-0.245333333,0
TCGA-E2-A14N-01A-31R-A137-07,-2.637916667,0.632,-2.208833333,1
TCGA-A7-A13F-11A-42R-A12P-07,-2.596333333,-2.8785,-0.4115,0
TCGA-BH-A0DK-11A-13R-A089-07,-2.22875,-1.57325,-0.125666667,0
TCGA-BH-A0C0-11A-21R-A089-07,-2.402583333,-2.331,0.135333333,0
TCGA-BH-A0B5-11A-23R-A12P-07,-2.867083333,-3.4205,-0.861166667,0
TCGA-BH-A0BS-11A-11R-A12P-07,-2.333272727,-1.778666667,0.029666667,0
TCGA-AN-A0FW-01A-11R-A034-07,-1.944916667,-1.037,-0.08716666667,1
TCGA-B6-A0RV-01A-11R-A084-07,-1.833916667,-0.773,-0.2638333333,1
TCGA-BH-A0BV-11A-31R-A089-07,-2.180666667,-1.72075,0.145666667,0
TCGA-BH-A0HP-01A-12R-A084-07,-2.052583333,-1.26325,-0.3931666667,1
TCGA-BH-A0BV-01A-11R-A00Z-07,-0.9249166667,-1.37025,0.1825,1
TCGA-AN-A0XO-01A-11R-A109-07,-1.290583333,-1.29975,-0.8785,1
TCGA-E2-A15M-01A-11R-A12D-07,-1.6115,-0.89975,0.154,1
TCGA-BH-A0BQ-11A-33R-A115-07,-1.88375,-1.29425,0.3355,0
TCGA-C8-A138-01A-11R-A115-07,-1.64175,0.9925,-1.042833333,1
TCGA-BH-A0C3-11A-23R-A12P-07,-2.662166667,-2.58125,0.096166667,0
TCGA-A7-A13E-11A-61R-A12P-07,-2.816583333,-3.3685,0.0395,0
TCGA-A2-A0T2-01A-11R-A084-07,-1.573,-1.31975,-0.3888333333,1
TCGA-A8-A09X-01A-11R-A00Z-07,-1.246166667,-0.437,0.1358333333,1
TCGA-BH-A0B7-11A-34R-A115-07,-2.439083333,-2.6525,0.4265,0
TCGA-BH-A0DV-11A-22R-A12P-07,-2.410333333,-2.1645,0.885833333,0
TCGA-BH-A0BV-11A-31R-A089-07,-2.180666667,-1.72075,0.145666667,0
TCGA-C8-A135-01A-11R-A115-07,-1.820916667,-0.6335,-1.159166667,1
TCGA-A7-A0DB-11A-33R-A089-07,-1.928166667,-0.8015,-0.219166667,0
TCGA-BH-A0DK-11A-13R-A089-07,-2.22875,-1.57325,-0.125666667,0
TCGA-BH-A0BA-11A-22R-A089-07,-1.53225,-1.4145,-0.6455,0
TCGA-A8-A07W-01A-11R-A00Z-07,-0.2485,-0.7155,-0.6881666667,1
TCGA-A8-A09M-01A-11R-A00Z-07,-0.8263333333,-1.92375,-1.981,1
TCGA-A8-A09Q-01A-11R-A00Z-07,-1.743333333,-2.5405,-1.365166667,1
TCGA-BH-A0DP-11A-12R-A089-07,-2.53875,-2.29925,-0.115833333,0
TCGA-BH-A0BW-11A-12R-A115-07,-1.479583333,-1.426,0.162666667,0
TCGA-A8-A097-01A-11R-A034-07,-0.6511666667,-1.24125,-1.347333333,1
TCGA-BH-A1EO-11A-31R-A137-07,-1.994416667,-2.82425,-0.866166667,0
TCGA-AO-A0J2-01A-11R-A034-07,-3.109833333,0.551,-0.1088333333,1
TCGA-BH-A0H7-11A-13R-A089-07,-2.022166667,-1.6555,-0.446833333,0
TCGA-BH-A0DZ-11A-22R-A089-07,-1.776,-1.2245,0.490333333,0
TCGA-E2-A153-11A-31R-A12D-07,-0.627,-2.07,-0.289333333,0
TCGA-E2-A158-11A-22R-A12D-07,-2.79625,-2.456,-0.8465,0
TCGA-BH-A0BL-01A-11R-A115-07,-1.375916667,0.1205,0.004,1
TCGA-BH-A0E0-11A-13R-A089-07,-2.23025,-1.74925,-0.659666667,0
TCGA-BH-A0DQ-11A-12R-A089-07,-2.23775,-2.17525,0.009666667,0
TCGA-BH-A0BP-01A-11R-A115-07,-2.62975,-1.04275,-0.8278333333,1
TCGA-BH-A0B3-11B-21R-A089-07,-2.307833333,-1.91125,-0.216166667,0
TCGA-AN-A0XS-01A-22R-A109-07,-1.42525,-1.39475,-0.2691666667,1
TCGA-BH-A0DD-11A-23R-A12P-07,-2.299,-2.1505,-0.946666667,0
TCGA-E2-A15F-01A-11R-A115-07,-1.478333333,-1.251,-0.1541666667,1
TCGA-BH-A0B8-11A-41R-A089-07,-2.463083333,-3.7165,-0.742666667,0
TCGA-A8-A08J-01A-11R-A00Z-07,-1.494416667,-0.73175,-0.7081666667,1
TCGA-BH-A0DO-11A-22R-A12D-07,-2.243083333,-2.66075,0.369333333,0
TCGA-B6-A0RE-01A-11R-A056-07,-1.674833333,-0.821,-0.7965,1
TCGA-A2-A04U-01A-11R-A115-07,-0.4071666667,0.5105,-1.8075,1
TCGA-C8-A12W-01A-11R-A115-07,-0.7771666667,0.27575,1.005,1
TCGA-AN-A0FT-01A-11R-A034-07,-1.483416667,1.401,-0.8,1
TCGA-A7-A0CH-11A-32R-A089-07,-2.014666667,-1.56325,-1.242666667,0
TCGA-BH-A0C0-11A-21R-A089-07,-2.402583333,-2.331,0.135333333,0
TCGA-A7-A0CE-11A-21R-A089-07,-2.149,-1.93275,-0.974666667,0
TCGA-BH-A0DV-11A-22R-A12P-07,-2.410333333,-2.1645,0.885833333,0
TCGA-A8-A08X-01A-21R-A00Z-07,-1.460090909,0.437,0.6088333333,1
TCGA-A8-A06Z-01A-11R-A00Z-07,-0.5926666667,-0.99875,-2.224166667,1
TCGA-AR-A1AP-01A-11R-A12P-07,-1.993666667,-1.719,-1.022166667,1
TCGA-BH-A0EA-01A-11R-A115-07,-2.6355,-1.141,0.542,1
TCGA-A8-A09T-01A-11R-A00Z-07,-1.232416667,-1.00575,0.3125,1
TCGA-BH-A18U-11A-23R-A12D-07,-2.443833333,-2.623,-0.3935,0
TCGA-BH-A18J-11A-31R-A12D-07,-2.219166667,-2.66625,-1.376166667,0
TCGA-A8-A09C-01A-11R-A00Z-07,-1.627,-0.5225,0.2943333333,1
TCGA-E2-A15M-11A-22R-A12D-07,-1.795083333,-1.98375,-0.050833333,0
TCGA-BH-A0H9-01A-11R-A056-07,-1.384,-1.067,0.3796666667,1
TCGA-BH-A0B3-11B-21R-A089-07,-2.307833333,-1.91125,-0.216166667,0
TCGA-BH-A0E9-01B-11R-A115-07,-1.933,-2.02025,0.1883333333,1
TCGA-BH-A0DT-01A-21R-A12D-07,-1.935583333,-1.204,-0.6241666667,1
TCGA-D8-A143-01A-11R-A115-07,-0.6889166667,-0.744,-1.712666667,1
TCGA-C8-A12Z-01A-11R-A115-07,-1.864083333,-0.7565,0.7178333333,1
TCGA-BH-A1ES-01A-11R-A137-07,-1.775166667,-0.676,-0.1415,1
TCGA-BH-A18U-11A-23R-A12D-07,-2.443833333,-2.623,-0.3935,0
TCGA-BH-A0AY-11A-23R-A089-07,-2.202916667,-2.31275,-0.382,0
TCGA-BH-A18N-01A-11R-A12D-07,-1.619333333,-0.69325,0.07533333333,1
TCGA-AN-A0AL-01A-11R-A00Z-07,-1.354666667,0.36725,-0.4168333333,1
TCGA-BH-A0DK-11A-13R-A089-07,-2.22875,-1.57325,-0.125666667,0
TCGA-A2-A0EO-01A-11R-A034-07,-1.923666667,-1.70525,-0.302,1
TCGA-BH-A0DD-11A-23R-A12P-07,-2.299,-2.1505,-0.946666667,0
TCGA-A7-A0DA-01A-31R-A115-07,-2.2935,-1.72575,1.183333333,1
TCGA-BH-A0B3-11B-21R-A089-07,-2.307833333,-1.91125,-0.216166667,0
TCGA-BH-A0DV-11A-22R-A12P-07,-2.410333333,-2.1645,0.885833333,0
TCGA-A2-A0EW-01A-21R-A115-07,-2.3015,-2.2535,-0.422,1
TCGA-E2-A14O-01A-31R-A115-07,-0.37975,-0.11525,-0.063,1
TCGA-AO-A129-01A-21R-A10J-07,-3.132333333,0.31875,0.4186666667,1
TCGA-BH-A0HQ-01A-11R-A034-07,-1.226833333,-0.6835,-0.4115,1
TCGA-AO-A12B-01A-11R-A10J-07,-0.5729166667,-1.371,-0.8775,1
TCGA-BH-A0B3-11B-21R-A089-07,-2.307833333,-1.91125,-0.216166667,0
TCGA-AR-A0U3-01A-11R-A109-07,-1.231166667,0.2435,-2.0315,1
TCGA-AN-A04C-01A-21R-A034-07,0.4524166667,0.00525,0.2785,1
TCGA-BH-A0BW-01A-11R-A115-07,-1.263083333,-0.90925,-0.717,1
TCGA-BH-A0E1-11A-13R-A089-07,-2.267416667,-1.5365,-0.153666667,0
TCGA-BH-A0B8-11A-41R-A089-07,-2.463083333,-3.7165,-0.742666667,0
TCGA-A2-A0CV-01A-31R-A115-07,-2.766083333,-1.91025,0.1415,1
TCGA-BH-A1EW-11B-33R-A137-07,-1.965666667,-2.4405,-1.487666667,0
TCGA-AN-A0FZ-01A-11R-A034-07,-1.858916667,-0.20275,-0.7975,1
TCGA-BH-A0E1-01A-11R-A056-07,-0.9020833333,-0.5335,-0.0845,1
TCGA-AR-A1AN-01A-11R-A12P-07,-2.396666667,-1.9825,0.2063333333,1
TCGA-BH-A0BC-11A-22R-A089-07,-1.792583333,-1.64825,-2.3795,0
TCGA-BH-A18N-11A-43R-A12D-07,-2.244583333,-2.40275,-1.431333333,0
TCGA-BH-A0AU-11A-11R-A12P-07,-1.997916667,-3.80275,-0.184666667,0
TCGA-BH-A0BZ-11A-61R-A12P-07,-2.6265,-2.9515,-0.639,0
TCGA-BH-A0BV-11A-31R-A089-07,-2.180666667,-1.72075,0.145666667,0
TCGA-AO-A03T-01A-21R-A034-07,-1.046083333,-0.7215,-1.229833333,1
TCGA-AO-A128-01A-11R-A10J-07,-0.9161666667,-0.1735,-0.8955,1
TCGA-B6-A0IJ-01A-11R-A034-07,-2.318083333,0.7145,0.1343333333,1
TCGA-BH-A0EE-01A-11R-A034-07,-1.508833333,1.62725,-2.321,1
TCGA-AN-A04D-01A-21R-A034-07,-0.4616666667,-4.2575,0.02816666667,1
TCGA-A7-A0D9-11A-53R-A089-07,-2.223583333,-2.32625,-1.66,0
TCGA-BH-A0AY-11A-23R-A089-07,-2.202916667,-2.31275,-0.382,0
TCGA-AN-A0FK-01A-11R-A034-07,-1.0945,-0.366,0.2271666667,1
TCGA-E2-A15M-11A-22R-A12D-07,-1.795083333,-1.98375,-0.050833333,0
TCGA-BH-A0HK-11A-11R-A089-07,-2.34625,-1.81,-0.088666667,0
TCGA-BH-A0DH-11A-31R-A089-07,-1.969083333,-2.81275,-1.562333333,0
TCGA-A2-A0YF-01A-21R-A109-07,-0.826,-1.0055,-0.05583333333,1
TCGA-B6-A0WX-01A-11R-A109-07,-1.025666667,-1.0665,0.851,1
TCGA-BH-A0BQ-01A-21R-A115-07,-1.833333333,-1.39675,0.2506666667,1
TCGA-AN-A0FY-01A-11R-A034-07,-1.421833333,-0.59075,0.3833333333,1
TCGA-B6-A0WT-01A-11R-A109-07,-0.7191666667,-0.0795,-0.2551666667,1
TCGA-BH-A1EO-11A-31R-A137-07,-1.994416667,-2.82425,-0.866166667,0
TCGA-A8-A091-01A-11R-A00Z-07,-1.286833333,-0.9695,-0.657,1
TCGA-A8-A07L-01A-11R-A040-07,-3.56775,-0.9715,0.3948333333,1
TCGA-B6-A0RU-01A-11R-A084-07,-1.270583333,-0.99175,-1.182166667,1
TCGA-BH-A0H5-11A-62R-A115-07,-2.185916667,-2.4985,-0.245333333,0
TCGA-BH-A0BS-11A-11R-A12P-07,-2.333272727,-1.778666667,0.029666667,0
TCGA-BH-A0DK-11A-13R-A089-07,-2.22875,-1.57325,-0.125666667,0
TCGA-BH-A0H9-11A-22R-A089-07,-1.72325,-0.39075,-0.414333333,0
TCGA-BH-A0BC-11A-22R-A089-07,-1.792583333,-1.64825,-2.3795,0
TCGA-A8-A0A4-01A-11R-A00Z-07,-1.36025,-0.7615,-0.6166666667,1
TCGA-BH-A0BZ-11A-61R-A12P-07,-2.6265,-2.9515,-0.639,0
TCGA-AN-A0FL-01A-11R-A034-07,-2.932083333,-0.492,-1.9875,1
TCGA-BH-A0BM-11A-12R-A089-07,-1.896166667,-1.93175,-0.159833333,0
TCGA-A8-A096-01A-11R-A00Z-07,-1.041916667,-0.70675,-0.063,1
TCGA-A8-A09G-01A-21R-A00Z-07,0.4079166667,-1.3765,0.1383333333,1
TCGA-A8-A095-01A-11R-A00Z-07,-0.5945,-1.0085,0.6566666667,1
TCGA-BH-A0DT-11A-12R-A12D-07,-2.131916667,-3.803,-0.887666667,0
TCGA-BH-A1F0-11B-23R-A137-07,-2.4855,-3.664,-0.4075,0
TCGA-BH-A18M-11A-33R-A12D-07,-2.723363636,-2.3495,-0.640166667,0
TCGA-A7-A13F-11A-42R-A12P-07,-2.596333333,-2.8785,-0.4115,0
TCGA-BH-A18J-11A-31R-A12D-07,-2.219166667,-2.66625,-1.376166667,0
TCGA-BH-A0BC-11A-22R-A089-07,-1.792583333,-1.64825,-2.3795,0
TCGA-A7-A13E-11A-61R-A12P-07,-2.816583333,-3.3685,0.0395,0
TCGA-A8-A09N-01A-11R-A00Z-07,-1.2605,-0.8335,0.6241666667,1
TCGA-A7-A0DB-11A-33R-A089-07,-1.928166667,-0.8015,-0.219166667,0
TCGA-BH-A18K-11A-13R-A12D-07,-2.428083333,-3.305,0.386333333,0
TCGA-AN-A041-01A-11R-A034-07,-0.8414166667,-0.33675,0.438,1
TCGA-A7-A0CH-11A-32R-A089-07,-2.014666667,-1.56325,-1.242666667,0
TCGA-BH-A18S-11A-43R-A12D-07,-2.301166667,-2.33475,-1.161166667,0
TCGA-BH-A0DH-01A-11R-A084-07,-1.3765,-0.88275,-0.2765,1
TCGA-BH-A0DO-11A-22R-A12D-07,-2.243083333,-2.66075,0.369333333,0
TCGA-AR-A0TX-01A-11R-A084-07,-2.138083333,-0.52125,-0.09916666667,1
TCGA-A2-A0D0-01A-11R-A00Z-07,-0.3826666667,0.34075,-1.736,1
TCGA-E2-A14V-01A-11R-A12D-07,-0.90475,-0.43225,0.1036666667,1
TCGA-A7-A0DB-11A-33R-A089-07,-1.928166667,-0.8015,-0.219166667,0
TCGA-BH-A0BV-11A-31R-A089-07,-2.180666667,-1.72075,0.145666667,0
TCGA-BH-A18Q-11A-34R-A12D-07,-2.086083333,-3.15925,-0.281666667,0
TCGA-B6-A0IP-01A-11R-A034-07,-1.388833333,-1.029,-0.2408333333,1
TCGA-BH-A0HI-01A-11R-A084-07,-1.662416667,-1.7625,-0.1411666667,1
TCGA-B6-A0X5-01A-21R-A109-07,-0.10325,-0.33125,0.1153333333,1
TCGA-C8-A1HG-01A-11R-A137-07,-0.7075,-0.04025,-0.5543333333,1
TCGA-A8-A07E-01A-11R-A034-07,-1.873333333,-1.03175,0.2495,1
TCGA-E2-A14P-01A-31R-A12D-07,-0.67375,-0.1445,0.0805,1
TCGA-A2-A0YJ-01A-11R-A109-07,-1.390666667,-0.21575,-1.0315,1
TCGA-BH-A0DD-11A-23R-A12P-07,-2.299,-2.1505,-0.946666667,0
TCGA-BH-A0H7-11A-13R-A089-07,-2.022166667,-1.6555,-0.446833333,0
TCGA-E2-A15I-11A-32R-A137-07,-2.527916667,-3.1455,-0.628666667,0
TCGA-BH-A18S-11A-43R-A12D-07,-2.301166667,-2.33475,-1.161166667,0
TCGA-A8-A0A2-01A-11R-A034-07,-1.68425,-1.49575,-1.1985,1
TCGA-BH-A18L-11A-42R-A12D-07,-2.418333333,-3.41125,-1.0265,0
TCGA-E2-A14Y-01A-21R-A12D-07,-1.198916667,-1.1665,-0.514,1
TCGA-BH-A0BC-11A-22R-A089-07,-1.792583333,-1.64825,-2.3795,0
TCGA-E2-A15J-01A-11R-A12P-07,-1.899333333,-2.03825,1.087,1
TCGA-A8-A07U-01A-11R-A034-07,-1.33825,-0.47875,-0.8786666667,1
TCGA-A7-A13E-11A-61R-A12P-07,-2.816583333,-3.3685,0.0395,0
TCGA-BH-A1ET-11B-23R-A137-07,-2.880916667,-2.9755,-0.625166667,0
TCGA-BH-A0H9-11A-22R-A089-07,-1.72325,-0.39075,-0.414333333,0
TCGA-BH-A0BJ-11A-23R-A089-07,-2.158083333,-2.2335,0.493333333,0
TCGA-BH-A18P-11A-43R-A12D-07,-2.626166667,-2.62725,-0.844333333,0
TCGA-E2-A15M-11A-22R-A12D-07,-1.795083333,-1.98375,-0.050833333,0
TCGA-AO-A12G-01A-11R-A10J-07,-1.338833333,-2.37375,-0.3315,1
TCGA-A7-A0D9-11A-53R-A089-07,-2.223583333,-2.32625,-1.66,0
TCGA-AR-A1AI-01A-11R-A12P-07,-0.974,-0.48625,1.4155,1
TCGA-BH-A18K-11A-13R-A12D-07,-2.428083333,-3.305,0.386333333,0
TCGA-BH-A18P-11A-43R-A12D-07,-2.626166667,-2.62725,-0.844333333,0
TCGA-BH-A1EU-11A-23R-A137-07,-2.476083333,-3.692,-0.347,0
TCGA-BH-A0AY-11A-23R-A089-07,-2.202916667,-2.31275,-0.382,0
TCGA-A8-A0A1-01A-11R-A00Z-07,-0.9669166667,-0.677,0.004833333333,1
TCGA-BH-A18P-11A-43R-A12D-07,-2.626166667,-2.62725,-0.844333333,0
TCGA-BH-A18N-11A-43R-A12D-07,-2.244583333,-2.40275,-1.431333333,0
TCGA-BH-A18N-11A-43R-A12D-07,-2.244583333,-2.40275,-1.431333333,0
TCGA-BH-A0DH-11A-31R-A089-07,-1.969083333,-2.81275,-1.562333333,0
TCGA-BH-A0BM-11A-12R-A089-07,-1.896166667,-1.93175,-0.159833333,0
TCGA-BH-A0EB-01A-11R-A034-07,-1.93175,-0.51775,0.2598333333,1
TCGA-AR-A1AH-01A-11R-A12D-07,-0.98025,0.21525,-2.01,1
TCGA-BH-A18U-11A-23R-A12D-07,-2.443833333,-2.623,-0.3935,0
TCGA-BH-A0HA-11A-31R-A12P-07,-2.904833333,-3.0185,-0.015333333,0
TCGA-AR-A0U0-01A-11R-A109-07,-0.7684166667,0.06325,0.6446666667,1
TCGA-BH-A0BA-01A-11R-A056-07,-2.179,-2.3835,-1.118833333,1
TCGA-BH-A1ET-11B-23R-A137-07,-2.880916667,-2.9755,-0.625166667,0
TCGA-E2-A1BC-11A-32R-A12P-07,-2.627166667,-4.04475,-0.747333333,0
TCGA-AO-A0JD-01A-11R-A056-07,-1.5695,1.05725,0.789,1
TCGA-BH-A1F0-11B-23R-A137-07,-2.4855,-3.664,-0.4075,0
TCGA-BH-A0DT-11A-12R-A12D-07,-2.131916667,-3.803,-0.887666667,0
TCGA-AN-A0XN-01A-21R-A109-07,-1.531833333,-1.74,-0.4058333333,1
TCGA-C8-A12X-01A-11R-A115-07,-1.049083333,-0.737,1.000166667,1
TCGA-A8-A08R-01A-11R-A034-07,-0.3575,-0.0325,-1.558833333,1
TCGA-A2-A0D2-01A-21R-A034-07,-2.566666667,-0.35825,-1.569833333,1
TCGA-A8-A09R-01A-11R-A00Z-07,-0.7655,-1.288,-0.8411666667,1
TCGA-A7-A0D9-11A-53R-A089-07,-2.223583333,-2.32625,-1.66,0
TCGA-E2-A1BC-01A-11R-A12P-07,-2.8855,-2.06875,-0.2183333333,1
TCGA-BH-A0AZ-01A-21R-A12P-07,-1.457833333,-2.35275,0.03583333333,1
TCGA-BH-A18Q-11A-34R-A12D-07,-2.086083333,-3.15925,-0.281666667,0
TCGA-B6-A0IA-01A-11R-A034-07,-1.045416667,0.33425,-1.231166667,1
TCGA-BH-A1EU-11A-23R-A137-07,-2.476083333,-3.692,-0.347,0
TCGA-BH-A0DH-11A-31R-A089-07,-1.969083333,-2.81275,-1.562333333,0
TCGA-A2-A0EY-01A-11R-A034-07,-1.498083333,0.4335,-0.03116666667,1
TCGA-B6-A0I2-01A-11R-A034-07,-1.04625,0.18425,-1.8695,1
TCGA-B6-A0IE-01A-11R-A034-07,-2.041454545,-0.61575,-2.159833333,1
TCGA-BH-A18K-11A-13R-A12D-07,-2.428083333,-3.305,0.386333333,0
TCGA-BH-A1ET-11B-23R-A137-07,-2.880916667,-2.9755,-0.625166667,0
TCGA-E2-A153-11A-31R-A12D-07,-0.627,-2.07,-0.289333333,0
TCGA-BH-A0HA-11A-31R-A12P-07,-2.904833333,-3.0185,-0.015333333,0
TCGA-AR-A0TP-01A-11R-A084-07,-3.496166667,-1.24425,0.1288333333,1
TCGA-BH-A0E0-11A-13R-A089-07,-2.23025,-1.74925,-0.659666667,0
TCGA-AO-A03O-01A-11R-A00Z-07,-0.8676666667,-1.39225,0.351,1
TCGA-BH-A0BW-11A-12R-A115-07,-1.479583333,-1.426,0.162666667,0
TCGA-BH-A0E1-11A-13R-A089-07,-2.267416667,-1.5365,-0.153666667,0
TCGA-BH-A0BM-01A-11R-A056-07,-1.803333333,-1.912,-1.282333333,1
TCGA-AR-A1AR-01A-31R-A137-07,-1.224333333,0.02725,-0.8395,1
TCGA-BH-A0DP-11A-12R-A089-07,-2.53875,-2.29925,-0.115833333,0
TCGA-A7-A0DB-11A-33R-A089-07,-1.928166667,-0.8015,-0.219166667,0
TCGA-B6-A0IM-01A-11R-A034-07,-0.7946666667,-0.8795,-0.7105,1
TCGA-E2-A14R-01A-11R-A115-07,-3.041416667,1.52325,0.4948333333,1
TCGA-A8-A07Z-01A-11R-A00Z-07,-0.94,-0.798,0.05816666667,1
TCGA-E2-A15I-11A-32R-A137-07,-2.527916667,-3.1455,-0.628666667,0
TCGA-A2-A0YM-01A-11R-A109-07,-1.585666667,-0.2035,-0.3963333333,1
TCGA-A2-A0T4-01A-31R-A084-07,-1.126416667,-1.1105,0.1906666667,1
TCGA-BH-A18M-11A-33R-A12D-07,-2.723363636,-2.3495,-0.640166667,0
TCGA-AO-A0JC-01A-11R-A056-07,-1.54475,-0.05475,-0.3325,1
TCGA-BH-A0E6-01A-11R-A034-07,-1.017166667,1.28375,-1.871833333,1
TCGA-A8-A09D-01A-11R-A00Z-07,-2.448,-0.7885,0.161,1
TCGA-BH-A0B5-11A-23R-A12P-07,-2.867083333,-3.4205,-0.861166667,0
TCGA-BH-A0DP-11A-12R-A089-07,-2.53875,-2.29925,-0.115833333,0
TCGA-A8-A06Q-01A-11R-A034-07,-1.12525,-0.48275,-0.261,1
TCGA-BH-A0BA-11A-22R-A089-07,-1.53225,-1.4145,-0.6455,0
TCGA-BH-A18J-11A-31R-A12D-07,-2.219166667,-2.66625,-1.376166667,0
TCGA-E2-A15G-01A-11R-A12D-07,-1.77525,-1.7775,-0.439,1
TCGA-BH-A0DQ-11A-12R-A089-07,-2.23775,-2.17525,0.009666667,0
TCGA-BH-A18P-11A-43R-A12D-07,-2.626166667,-2.62725,-0.844333333,0
TCGA-BH-A0B3-01A-11R-A056-07,-0.9555,-0.16425,0.6385,1
TCGA-AO-A124-01A-11R-A10J-07,-0.30575,-0.251,-2.2635,1
TCGA-BH-A0B8-11A-41R-A089-07,-2.463083333,-3.7165,-0.742666667,0
TCGA-BH-A18U-01A-21R-A12D-07,0.28075,-1.46925,-1.461166667,1
TCGA-BH-A0DK-11A-13R-A089-07,-2.22875,-1.57325,-0.125666667,0
TCGA-E2-A1BC-11A-32R-A12P-07,-2.627166667,-4.04475,-0.747333333,0
TCGA-BH-A0H9-11A-22R-A089-07,-1.72325,-0.39075,-0.414333333,0
TCGA-BH-A0BO-01A-23R-A12D-07,-2.166583333,-1.799,-0.3813333333,1
TCGA-BH-A0BW-11A-12R-A115-07,-1.479583333,-1.426,0.162666667,0
TCGA-A8-A08L-01A-11R-A00Z-07,-0.8881666667,-1.794,-1.4345,1
TCGA-BH-A0DT-11A-12R-A12D-07,-2.131916667,-3.803,-0.887666667,0
TCGA-BH-A0AU-11A-11R-A12P-07,-1.997916667,-3.80275,-0.184666667,0
TCGA-E2-A158-01A-11R-A12D-07,-2.29025,-1.10775,-0.4993333333,1
TCGA-A8-A0A6-01A-12R-A056-07,-1.673083333,-1.98625,-0.5355,1
TCGA-C8-A12Y-01A-11R-A12D-07,-1.232833333,-0.544,-2.376333333,1
TCGA-BH-A0C0-01A-21R-A056-07,-2.805666667,0.8395,-1.108,1
TCGA-C8-A133-01A-32R-A12D-07,-2.07175,-2.5975,-0.9166666667,1
TCGA-BH-A18R-11A-42R-A12D-07,-2.02525,-2.58175,-0.855666667,0
TCGA-A8-A08H-01A-21R-A00Z-07,-1.04725,-0.294,-1.531666667,1
TCGA-A1-A0SJ-01A-11R-A084-07,-1.65625,-0.40475,-0.8001666667,1
TCGA-BH-A0DT-11A-12R-A12D-07,-2.131916667,-3.803,-0.887666667,0
TCGA-BH-A1F0-11B-23R-A137-07,-2.4855,-3.664,-0.4075,0
TCGA-BH-A0B7-11A-34R-A115-07,-2.439083333,-2.6525,0.4265,0
TCGA-D8-A141-01A-11R-A115-07,-2.116166667,-0.80375,0.0001666666667,1
TCGA-BH-A0BJ-11A-23R-A089-07,-2.158083333,-2.2335,0.493333333,0
TCGA-BH-A0AU-11A-11R-A12P-07,-1.997916667,-3.80275,-0.184666667,0
TCGA-AO-A0J4-01A-11R-A034-07,-2.792083333,-0.428,0.1255,1
TCGA-E2-A1B6-01A-31R-A12P-07,-2.412166667,-1.08675,-0.1156666667,1
TCGA-BH-A1EO-01A-11R-A137-07,-1.739416667,-1.3805,-0.2855,1
TCGA-A8-A07O-01A-11R-A00Z-07,-0.2768333333,-0.9925,-1.619833333,1
TCGA-E2-A15I-11A-32R-A137-07,-2.527916667,-3.1455,-0.628666667,0
TCGA-AO-A0JA-01A-11R-A056-07,-1.68525,-1.4,-0.08833333333,1
TCGA-E2-A153-11A-31R-A12D-07,-0.627,-2.07,-0.289333333,0
TCGA-E2-A153-11A-31R-A12D-07,-0.627,-2.07,-0.289333333,0
TCGA-A1-A0SH-01A-11R-A084-07,-1.924833333,-1.541,-0.5445,1
TCGA-BH-A0BV-11A-31R-A089-07,-2.180666667,-1.72075,0.145666667,0
TCGA-BH-A0DO-11A-22R-A12D-07,-2.243083333,-2.66075,0.369333333,0
TCGA-AO-A03P-01A-11R-A00Z-07,-0.59525,-1.00875,0.6981666667,1
TCGA-A8-A0A9-01A-11R-A00Z-07,-1.445583333,-1.237,-0.3175,1
TCGA-BH-A0DZ-11A-22R-A089-07,-1.776,-1.2245,0.490333333,0
TCGA-A8-A09E-01A-11R-A00Z-07,-0.6693333333,-0.2615,0.3998333333,1
TCGA-BH-A18U-11A-23R-A12D-07,-2.443833333,-2.623,-0.3935,0
TCGA-BH-A0BZ-11A-61R-A12P-07,-2.6265,-2.9515,-0.639,0
TCGA-BH-A0B8-11A-41R-A089-07,-2.463083333,-3.7165,-0.742666667,0
TCGA-BH-A0BC-11A-22R-A089-07,-1.792583333,-1.64825,-2.3795,0
TCGA-BH-A18Q-11A-34R-A12D-07,-2.086083333,-3.15925,-0.281666667,0
TCGA-BH-A0C3-11A-23R-A12P-07,-2.662166667,-2.58125,0.096166667,0
TCGA-E2-A1BC-11A-32R-A12P-07,-2.627166667,-4.04475,-0.747333333,0
TCGA-AO-A0JL-01A-11R-A056-07,-2.052666667,-1.31025,-0.9326666667,1
TCGA-E2-A159-01A-11R-A115-07,-1.386916667,-0.545,0.652,1
TCGA-B6-A0IN-01A-11R-A034-07,-1.321166667,-1.503,-1.753333333,1
TCGA-BH-A18M-11A-33R-A12D-07,-2.723363636,-2.3495,-0.640166667,0
TCGA-E2-A106-01A-11R-A10J-07,-1.16625,-1.815,-0.7445,1
TCGA-A2-A0T1-01A-21R-A084-07,-0.95425,-0.35025,-0.07733333333,1
TCGA-BH-A0DV-11A-22R-A12P-07,-2.410333333,-2.1645,0.885833333,0
TCGA-E2-A15E-01A-11R-A12D-07,-2.11775,-1.14425,-0.1871666667,1
TCGA-B6-A0RH-01A-21R-A115-07,-1.783,0.55625,0.4356666667,1
TCGA-A2-A0ST-01A-12R-A084-07,-1.389083333,0.35625,0.4638333333,1
TCGA-BH-A18Q-11A-34R-A12D-07,-2.086083333,-3.15925,-0.281666667,0
TCGA-AR-A0TQ-01A-11R-A084-07,-0.9896666667,-0.15325,0.4385,1
TCGA-BH-A0DP-01A-21R-A056-07,-1.448833333,-1.7185,-0.1825,1
TCGA-BH-A18P-11A-43R-A12D-07,-2.626166667,-2.62725,-0.844333333,0
TCGA-E2-A158-11A-22R-A12D-07,-2.79625,-2.456,-0.8465,0
TCGA-B6-A0X4-01A-11R-A109-07,-1.237416667,-1.96875,-0.6276666667,1
TCGA-A8-A08Z-01A-21R-A00Z-07,-1.41175,-1.115,0.03,1
TCGA-E2-A1B0-01A-11R-A12P-07,-1.5055,-0.817,0.8658333333,1
TCGA-E2-A15I-11A-32R-A137-07,-2.527916667,-3.1455,-0.628666667,0
TCGA-BH-A0BM-11A-12R-A089-07,-1.896166667,-1.93175,-0.159833333,0
TCGA-A7-A0D9-11A-53R-A089-07,-2.223583333,-2.32625,-1.66,0
TCGA-BH-A0B3-11B-21R-A089-07,-2.307833333,-1.91125,-0.216166667,0
TCGA-AR-A0TV-01A-21R-A084-07,-0.6915,-1.24875,-0.4471666667,1
TCGA-AN-A049-01A-21R-A00Z-07,-1.256,-0.0615,0.003666666667,1
TCGA-AN-A0AK-01A-21R-A00Z-07,-0.3644166667,-0.11575,1.265166667,1
TCGA-A7-A0DB-11A-33R-A089-07,-1.928166667,-0.8015,-0.219166667,0
TCGA-BH-A18V-11A-52R-A12D-07,-2.429083333,-2.3925,-0.435333333,0
TCGA-A8-A08S-01A-11R-A034-07,-1.233583333,-0.81575,-0.5275,1
TCGA-BH-A0B5-11A-23R-A12P-07,-2.867083333,-3.4205,-0.861166667,0
TCGA-BH-A0AW-01A-11R-A056-07,-2.387916667,-1.00025,-0.1945,1
TCGA-E2-A158-11A-22R-A12D-07,-2.79625,-2.456,-0.8465,0
TCGA-BH-A0BZ-11A-61R-A12P-07,-2.6265,-2.9515,-0.639,0
TCGA-BH-A0BC-11A-22R-A089-07,-1.792583333,-1.64825,-2.3795,0
TCGA-BH-A0C3-11A-23R-A12P-07,-2.662166667,-2.58125,0.096166667,0
TCGA-BH-A0BZ-11A-61R-A12P-07,-2.6265,-2.9515,-0.639,0
TCGA-BH-A0BM-11A-12R-A089-07,-1.896166667,-1.93175,-0.159833333,0
TCGA-BH-A0HA-11A-31R-A12P-07,-2.904833333,-3.0185,-0.015333333,0
TCGA-BH-A1EV-01A-11R-A137-07,-1.539166667,0.48025,-0.045,1
TCGA-A7-A13F-11A-42R-A12P-07,-2.596333333,-2.8785,-0.4115,0
TCGA-BH-A0DK-11A-13R-A089-07,-2.22875,-1.57325,-0.125666667,0
TCGA-E2-A15M-11A-22R-A12D-07,-1.795083333,-1.98375,-0.050833333,0
TCGA-E2-A15C-01A-31R-A12D-07,-1.883416667,-1.59925,-0.6828333333,1
TCGA-E2-A15H-01A-11R-A12D-07,-1.763666667,-0.94775,0.5558333333,1
TCGA-A2-A0EN-01A-13R-A084-07,-2.138166667,-1.192,-0.4253333333,1
TCGA-BH-A0BM-11A-12R-A089-07,-1.896166667,-1.93175,-0.159833333,0
TCGA-BH-A0BC-11A-22R-A089-07,-1.792583333,-1.64825,-2.3795,0
TCGA-BH-A0C0-11A-21R-A089-07,-2.402583333,-2.331,0.135333333,0
TCGA-A7-A0D9-11A-53R-A089-07,-2.223583333,-2.32625,-1.66,0
TCGA-BH-A18R-11A-42R-A12D-07,-2.02525,-2.58175,-0.855666667,0
TCGA-BH-A0BV-11A-31R-A089-07,-2.180666667,-1.72075,0.145666667,0
TCGA-BH-A0DQ-11A-12R-A089-07,-2.23775,-2.17525,0.009666667,0
TCGA-A2-A0CL-01A-11R-A115-07,-0.85375,0.217,0.134,1
TCGA-BH-A0BJ-11A-23R-A089-07,-2.158083333,-2.2335,0.493333333,0
TCGA-A8-A06R-01A-11R-A00Z-07,-1.660416667,0.89525,-1.831166667,1
TCGA-BH-A0WA-01A-11R-A109-07,-2.685833333,-0.1695,0.333,1
TCGA-BH-A0B7-11A-34R-A115-07,-2.439083333,-2.6525,0.4265,0
TCGA-A2-A0YI-01A-31R-A10J-07,-2.14075,-1.71625,-0.2448333333,1
TCGA-BH-A1ET-11B-23R-A137-07,-2.880916667,-2.9755,-0.625166667,0
TCGA-BH-A0AY-11A-23R-A089-07,-2.202916667,-2.31275,-0.382,0
TCGA-A7-A13D-01A-13R-A12P-07,-1.57025,-0.90075,-2.082833333,1
TCGA-E2-A14Z-01A-11R-A115-07,-2.199583333,0.4915,0.2638333333,1
TCGA-BH-A0B7-11A-34R-A115-07,-2.439083333,-2.6525,0.4265,0
TCGA-BH-A0E0-11A-13R-A089-07,-2.23025,-1.74925,-0.659666667,0
TCGA-BH-A18K-11A-13R-A12D-07,-2.428083333,-3.305,0.386333333,0
TCGA-BH-A18U-11A-23R-A12D-07,-2.443833333,-2.623,-0.3935,0
TCGA-C8-A134-01A-11R-A115-07,-3.052333333,0.72275,-0.2533333333,1
TCGA-C8-A12P-01A-11R-A115-07,-1.546416667,-0.341,0.2696666667,1
TCGA-BH-A0DO-11A-22R-A12D-07,-2.243083333,-2.66075,0.369333333,0
TCGA-BH-A0E0-11A-13R-A089-07,-2.23025,-1.74925,-0.659666667,0
TCGA-BH-A0HK-11A-11R-A089-07,-2.34625,-1.81,-0.088666667,0
TCGA-BH-A0BW-11A-12R-A115-07,-1.479583333,-1.426,0.162666667,0
TCGA-A2-A0EU-01A-22R-A056-07,-1.101916667,-0.67325,0.1496666667,1
TCGA-AN-A0FN-01A-11R-A034-07,-1.844166667,-0.527,-0.5916666667,1
TCGA-BH-A0DL-11A-13R-A115-07,-2.019833333,-1.9985,-0.191333333,0
TCGA-D8-A142-01A-11R-A115-07,-1.3815,-0.5075,0.5108333333,1
TCGA-A8-A0AD-01A-11R-A056-07,-1.499833333,-1.80825,-0.7301666667,1
TCGA-B6-A0RI-01A-11R-A056-07,-1.311083333,-0.8225,-0.23,1
TCGA-E2-A14Q-01A-11R-A12D-07,-1.834416667,-1.1175,-0.3485,1
TCGA-BH-A1EU-11A-23R-A137-07,-2.476083333,-3.692,-0.347,0
TCGA-BH-A0B5-01A-11R-A12P-07,-0.8445833333,-0.36475,-0.07,1
TCGA-A2-A0CZ-01A-11R-A034-07,-2.515416667,-2.17825,-0.2586666667,1
TCGA-BH-A0E1-11A-13R-A089-07,-2.267416667,-1.5365,-0.153666667,0
TCGA-BH-A18J-11A-31R-A12D-07,-2.219166667,-2.66625,-1.376166667,0
TCGA-AO-A03L-01A-41R-A056-07,-1.261166667,-0.5215,-0.9921666667,1
TCGA-BH-A18V-11A-52R-A12D-07,-2.429083333,-2.3925,-0.435333333,0
TCGA-BH-A1F0-11B-23R-A137-07,-2.4855,-3.664,-0.4075,0
TCGA-C8-A12N-01A-11R-A115-07,-1.975333333,-1.247,1.577166667,1
TCGA-BH-A0B8-11A-41R-A089-07,-2.463083333,-3.7165,-0.742666667,0
TCGA-BH-A18R-11A-42R-A12D-07,-2.02525,-2.58175,-0.855666667,0
TCGA-BH-A1EW-11B-33R-A137-07,-1.965666667,-2.4405,-1.487666667,0
TCGA-AO-A03V-01A-11R-A115-07,-2.617083333,-1.92,0.8595,1
TCGA-BH-A0BJ-11A-23R-A089-07,-2.158083333,-2.2335,0.493333333,0
TCGA-BH-A0E1-11A-13R-A089-07,-2.267416667,-1.5365,-0.153666667,0
TCGA-AO-A0JB-01A-11R-A056-07,-2.784545455,-0.8835,-1.213,1
TCGA-BH-A0AY-11A-23R-A089-07,-2.202916667,-2.31275,-0.382,0
TCGA-BH-A0B8-11A-41R-A089-07,-2.463083333,-3.7165,-0.742666667,0
TCGA-B6-A0RN-01A-12R-A084-07,-2.178166667,-2.17375,0.236,1
TCGA-E2-A155-01A-11R-A12D-07,-1.577666667,-0.7495,-0.7161666667,1
TCGA-AR-A1AW-01A-21R-A12P-07,-0.9780833333,-1.1055,0.6138333333,1
TCGA-BH-A0BJ-11A-23R-A089-07,-2.158083333,-2.2335,0.493333333,0
TCGA-AN-A03Y-01A-21R-A00Z-07,-1.12775,-0.5695,0.5636666667,1
TCGA-A7-A0CE-11A-21R-A089-07,-2.149,-1.93275,-0.974666667,0
TCGA-BH-A1EU-11A-23R-A137-07,-2.476083333,-3.692,-0.347,0
TCGA-C8-A12T-01A-11R-A115-07,-1.6415,-0.1795,-1.214,1
TCGA-BH-A0DH-11A-31R-A089-07,-1.969083333,-2.81275,-1.562333333,0
TCGA-A8-A07B-01A-11R-A00Z-07,-2.050083333,-1.8595,-1.839,1
TCGA-BH-A0BA-11A-22R-A089-07,-1.53225,-1.4145,-0.6455,0
TCGA-A7-A13E-11A-61R-A12P-07,-2.816583333,-3.3685,0.0395,0
TCGA-BH-A0HY-01A-11R-A056-07,-1.625,0.0235,-0.3958333333,1
TCGA-B6-A0RP-01A-21R-A084-07,-1.765666667,-2.25225,-0.1161666667,1
TCGA-BH-A18L-11A-42R-A12D-07,-2.418333333,-3.41125,-1.0265,0
TCGA-BH-A0B9-01A-11R-A056-07,-1.247583333,-0.814,0.9676666667,1
TCGA-BH-A1EW-11B-33R-A137-07,-1.965666667,-2.4405,-1.487666667,0
TCGA-BH-A18U-11A-23R-A12D-07,-2.443833333,-2.623,-0.3935,0
TCGA-BH-A0C3-11A-23R-A12P-07,-2.662166667,-2.58125,0.096166667,0
TCGA-AR-A0TT-01A-31R-A084-07,-1.530916667,-0.331,0.317,1
TCGA-C8-A12K-01A-21R-A115-07,-1.164916667,1.3555,0.04466666667,1
TCGA-AN-A04A-01A-21R-A034-07,-2.020181818,-1.3155,0.1421666667,1
TCGA-BH-A0B8-11A-41R-A089-07,-2.463083333,-3.7165,-0.742666667,0
TCGA-A7-A0CE-11A-21R-A089-07,-2.149,-1.93275,-0.974666667,0
TCGA-BH-A0H0-01A-11R-A056-07,-0.5296666667,-0.55025,-0.597,1
TCGA-E2-A158-11A-22R-A12D-07,-2.79625,-2.456,-0.8465,0
TCGA-BH-A0DD-11A-23R-A12P-07,-2.299,-2.1505,-0.946666667,0
TCGA-AR-A0TR-01A-11R-A084-07,-2.17725,-1.46,-0.9223333333,1
TCGA-BH-A0DV-11A-22R-A12P-07,-2.410333333,-2.1645,0.885833333,0
TCGA-AN-A0FX-01A-11R-A034-07,-2.300083333,-1.222,-0.2491666667,1
TCGA-E2-A10A-01A-21R-A115-07,-1.067916667,0.13275,0.6901666667,1
TCGA-A2-A0SU-01A-11R-A084-07,-1.453166667,-2.58125,-0.3463333333,1
TCGA-BH-A0BW-11A-12R-A115-07,-1.479583333,-1.426,0.162666667,0
TCGA-D8-A13Z-01A-11R-A115-07,-1.40625,-0.21325,0.8421666667,1
TCGA-BH-A18J-11A-31R-A12D-07,-2.219166667,-2.66625,-1.376166667,0
TCGA-E2-A108-01A-13R-A10J-07,-1.816666667,-0.5855,-0.8736666667,1
TCGA-AN-A0XT-01A-11R-A109-07,-1.929916667,-2.26075,-0.5493333333,1
TCGA-BH-A18S-11A-43R-A12D-07,-2.301166667,-2.33475,-1.161166667,0
TCGA-A7-A0DB-01A-11R-A00Z-07,-1.949333333,-1.7455,-0.0875,1
TCGA-BH-A1F0-11B-23R-A137-07,-2.4855,-3.664,-0.4075,0
TCGA-B6-A0IH-01A-11R-A115-07,-2.663333333,-1.872,-0.2655,1
TCGA-A1-A0SD-01A-11R-A115-07,-1.661083333,-0.57075,-1.010666667,1
TCGA-BH-A0DO-01B-11R-A12D-07,-2.073416667,-2.327,0.1871666667,1
TCGA-BH-A0C3-11A-23R-A12P-07,-2.662166667,-2.58125,0.096166667,0
TCGA-BH-A0BJ-11A-23R-A089-07,-2.158083333,-2.2335,0.493333333,0
TCGA-A8-A07F-01A-11R-A00Z-07,-1.129166667,-0.80275,0.4821666667,1
TCGA-E2-A1BC-11A-32R-A12P-07,-2.627166667,-4.04475,-0.747333333,0
TCGA-A8-A0A7-01A-11R-A040-07,-1.948083333,-1.66125,-0.5498333333,1
TCGA-BH-A1EU-11A-23R-A137-07,-2.476083333,-3.692,-0.347,0
TCGA-A2-A0SV-01A-11R-A084-07,-0.4281666667,-0.3825,-0.1215,1
TCGA-A2-A0SX-01A-12R-A084-07,-1.30425,-0.1485,1.309,1
TCGA-AO-A0JI-01A-21R-A056-07,-1.156916667,-2.0785,-1.388,1
TCGA-BH-A0BA-11A-22R-A089-07,-1.53225,-1.4145,-0.6455,0
TCGA-BH-A18V-11A-52R-A12D-07,-2.429083333,-2.3925,-0.435333333,0
TCGA-A7-A0CE-01A-11R-A00Z-07,-0.6190833333,-3.60275,0.4436666667,1
TCGA-BH-A0BM-11A-12R-A089-07,-1.896166667,-1.93175,-0.159833333,0
TCGA-A2-A0YH-01A-11R-A109-07,-1.285833333,-0.57725,0.3543333333,1
TCGA-BH-A0DL-11A-13R-A115-07,-2.019833333,-1.9985,-0.191333333,0
TCGA-BH-A0C0-11A-21R-A089-07,-2.402583333,-2.331,0.135333333,0
TCGA-BH-A0E1-11A-13R-A089-07,-2.267416667,-1.5365,-0.153666667,0
TCGA-BH-A0BW-11A-12R-A115-07,-1.479583333,-1.426,0.162666667,0
TCGA-BH-A18M-11A-33R-A12D-07,-2.723363636,-2.3495,-0.640166667,0
TCGA-A1-A0SE-01A-11R-A084-07,-1.387916667,-1.3405,-0.3385,1
TCGA-AO-A12C-01A-11R-A10J-07,-2.535,-1.64025,-0.125,1
TCGA-BH-A0DT-11A-12R-A12D-07,-2.131916667,-3.803,-0.887666667,0
TCGA-BH-A18S-11A-43R-A12D-07,-2.301166667,-2.33475,-1.161166667,0
TCGA-BH-A0DT-11A-12R-A12D-07,-2.131916667,-3.803,-0.887666667,0
TCGA-BH-A0DL-11A-13R-A115-07,-2.019833333,-1.9985,-0.191333333,0
TCGA-A7-A0CH-11A-32R-A089-07,-2.014666667,-1.56325,-1.242666667,0
TCGA-BH-A0BQ-11A-33R-A115-07,-1.88375,-1.29425,0.3355,0
TCGA-A8-A081-01A-11R-A00Z-07,-0.14725,-0.57025,-0.1688333333,1
TCGA-BH-A0DL-11A-13R-A115-07,-2.019833333,-1.9985,-0.191333333,0
TCGA-BH-A0DL-01A-11R-A115-07,-0.6899166667,0.475,-0.04466666667,1
TCGA-BH-A0DG-01A-21R-A12P-07,-2.713666667,-1.05975,0.4423333333,1
TCGA-A2-A0ET-01A-31R-A034-07,-1.07675,-0.56725,0.02716666667,1
TCGA-A7-A13F-11A-42R-A12P-07,-2.596333333,-2.8785,-0.4115,0
TCGA-E2-A109-01A-11R-A10J-07,-0.6595,-0.599,-0.213,1
TCGA-AO-A126-01A-11R-A10J-07,-1.146083333,-1.94925,-1.263166667,1
TCGA-AN-A0XU-01A-11R-A109-07,-3.346833333,0.519,-1.137,1
TCGA-AN-A0AS-01A-11R-A00Z-07,-2.2785,-1.776,-0.05083333333,1
TCGA-BH-A0AY-11A-23R-A089-07,-2.202916667,-2.31275,-0.382,0
TCGA-A8-A09A-01A-11R-A00Z-07,-1.623166667,-3.26125,-0.375,1
TCGA-BH-A0DL-11A-13R-A115-07,-2.019833333,-1.9985,-0.191333333,0
TCGA-BH-A18M-11A-33R-A12D-07,-2.723363636,-2.3495,-0.640166667,0
TCGA-E2-A15T-01A-11R-A115-07,-0.88,-0.62825,0.1165,1
TCGA-BH-A18K-11A-13R-A12D-07,-2.428083333,-3.305,0.386333333,0
TCGA-AR-A0U2-01A-11R-A109-07,-0.02041666667,-0.23225,0.035,1
TCGA-BH-A0DP-11A-12R-A089-07,-2.53875,-2.29925,-0.115833333,0
TCGA-AR-A1AY-01A-21R-A12P-07,-1.014916667,-1.33475,-2.172333333,1
TCGA-BH-A0H7-11A-13R-A089-07,-2.022166667,-1.6555,-0.446833333,0
TCGA-C8-A12U-01A-11R-A115-07,-1.40375,0.93625,0.1743333333,1
TCGA-A7-A0CJ-01A-21R-A00Z-07,-1.340166667,-1.059,-0.8096666667,1
TCGA-B6-A0IO-01A-11R-A034-07,-1.021166667,-0.88975,-0.4863333333,1
TCGA-A8-A079-01A-21R-A00Z-07,-0.89975,-1,-1.055,1
TCGA-BH-A18M-11A-33R-A12D-07,-2.723363636,-2.3495,-0.640166667,0
TCGA-A8-A06X-01A-21R-A00Z-07,-1.30675,-0.13925,-0.4425,1
TCGA-BH-A0W4-01A-11R-A109-07,-1.52425,-1.271,-0.3583333333,1
TCGA-BH-A0B5-11A-23R-A12P-07,-2.867083333,-3.4205,-0.861166667,0
TCGA-AO-A03R-01A-21R-A034-07,-0.7690833333,-0.3605,-0.5091666667,1
TCGA-B6-A0WV-01A-11R-A109-07,0.005,-0.90075,-0.3745,1
TCGA-BH-A18S-01A-11R-A12D-07,-1.581666667,-2.9025,-1.159666667,1
TCGA-BH-A18L-01A-32R-A12D-07,-0.4201666667,-0.9695,-0.5878333333,1
TCGA-AR-A0TS-01A-11R-A115-07,-2.64225,-0.28325,-0.9176666667,1
TCGA-BH-A0E2-01A-11R-A056-07,-1.641416667,0.4555,0.01583333333,1
TCGA-BH-A0B8-01A-21R-A056-07,-1.196583333,-1.06025,0.6975,1
TCGA-BH-A0RX-01A-21R-A084-07,-0.8478333333,-0.75525,-0.8875,1
TCGA-A8-A092-01A-11R-A00Z-07,0.2169166667,-0.63175,0.3088333333,1
TCGA-BH-A0BV-11A-31R-A089-07,-2.180666667,-1.72075,0.145666667,0
TCGA-BH-A18S-11A-43R-A12D-07,-2.301166667,-2.33475,-1.161166667,0
TCGA-AN-A0XP-01A-11R-A109-07,-1.488833333,-0.933,-0.807,1
TCGA-BH-A0DD-01A-31R-A12P-07,-0.52525,-0.5355,-1.779,1
TCGA-BH-A18S-11A-43R-A12D-07,-2.301166667,-2.33475,-1.161166667,0
TCGA-BH-A0C7-01B-11R-A115-07,-0.0195,-0.5995,-0.1081666667,1
TCGA-A7-A13F-01A-11R-A12P-07,-0.3648333333,-0.08175,1.804833333,1
TCGA-A7-A13E-11A-61R-A12P-07,-2.816583333,-3.3685,0.0395,0
TCGA-A7-A0D9-11A-53R-A089-07,-2.223583333,-2.32625,-1.66,0
TCGA-A1-A0SK-01A-12R-A084-07,-0.35825,0.629,1.671666667,1
TCGA-BH-A0B5-11A-23R-A12P-07,-2.867083333,-3.4205,-0.861166667,0
TCGA-C8-A1HN-01A-11R-A137-07,-0.4245833333,-0.681,0.08983333333,1
TCGA-BH-A18Q-11A-34R-A12D-07,-2.086083333,-3.15925,-0.281666667,0
TCGA-AO-A0J8-01A-21R-A034-07,-1.561416667,-1.31075,-0.06833333333,1
TCGA-BH-A0B7-11A-34R-A115-07,-2.439083333,-2.6525,0.4265,0
TCGA-E2-A1BC-11A-32R-A12P-07,-2.627166667,-4.04475,-0.747333333,0
TCGA-A7-A0D9-11A-53R-A089-07,-2.223583333,-2.32625,-1.66,0
TCGA-BH-A0DZ-11A-22R-A089-07,-1.776,-1.2245,0.490333333,0
TCGA-BH-A0DE-01A-11R-A115-07,-1.590583333,-1.121,-0.6725,1
TCGA-A8-A083-01A-21R-A00Z-07,-1.672,-1.112,-0.2425,1
TCGA-BH-A0DQ-11A-12R-A089-07,-2.23775,-2.17525,0.009666667,0
TCGA-BH-A0DO-11A-22R-A12D-07,-2.243083333,-2.66075,0.369333333,0
TCGA-A8-A082-01A-11R-A00Z-07,-0.66075,-0.17025,-0.1996666667,1
TCGA-A8-A07G-01A-11R-A034-07,-1.565166667,-1.78575,-1.4765,1
TCGA-A7-A0D9-11A-53R-A089-07,-2.223583333,-2.32625,-1.66,0
TCGA-BH-A0BS-11A-11R-A12P-07,-2.333272727,-1.778666667,0.029666667,0
TCGA-A8-A06T-01A-11R-A00Z-07,-1.052916667,-1.5015,-0.2533333333,1
TCGA-E2-A15M-11A-22R-A12D-07,-1.795083333,-1.98375,-0.050833333,0
TCGA-AN-A0AR-01A-11R-A00Z-07,-1.63225,1.61625,-1.913833333,1
TCGA-A7-A13E-01A-11R-A12P-07,-1.5155,-1.55,0.07616666667,1
TCGA-A2-A04R-01A-41R-A109-07,-0.54125,-1.86275,-1.179166667,1
TCGA-E2-A14S-01A-11R-A12D-07,-1.081583333,-0.67125,-1.341,1
TCGA-BH-A0H5-01A-21R-A115-07,-1.780833333,-1.24125,-0.3483333333,1
TCGA-BH-A18L-11A-42R-A12D-07,-2.418333333,-3.41125,-1.0265,0
TCGA-E2-A1AZ-01A-11R-A12P-07,-0.9780833333,-0.06475,1.537833333,1
TCGA-BH-A0AU-01A-11R-A12P-07,-1.0685,-0.946,-0.9576666667,1
TCGA-BH-A18F-01A-11R-A12D-07,-1.2195,0.12675,-0.4958333333,1
TCGA-BH-A0E1-11A-13R-A089-07,-2.267416667,-1.5365,-0.153666667,0
TCGA-AO-A0J3-01A-11R-A034-07,-1.235083333,-0.9625,-0.611,1
TCGA-BH-A18M-01A-11R-A12D-07,-1.460166667,-1.417,-0.09583333333,1
TCGA-BH-A18L-11A-42R-A12D-07,-2.418333333,-3.41125,-1.0265,0
TCGA-BH-A0AY-01A-21R-A00Z-07,-1.731833333,-0.873,-0.0955,1
TCGA-BH-A0H5-11A-62R-A115-07,-2.185916667,-2.4985,-0.245333333,0
TCGA-A8-A09V-01A-11R-A034-07,-1.289333333,-1.712,-0.3438333333,1
TCGA-AN-A03X-01A-21R-A00Z-07,-1.2055,-1.41225,-0.5653333333,1
TCGA-BH-A0HA-11A-31R-A12P-07,-2.904833333,-3.0185,-0.015333333,0
TCGA-B6-A0WZ-01A-11R-A109-07,-0.9933333333,-0.952,-1.253833333,1
TCGA-C8-A130-01A-31R-A115-07,-0.02916666667,0.031,-1.3985,1
TCGA-BH-A0DD-11A-23R-A12P-07,-2.299,-2.1505,-0.946666667,0
TCGA-BH-A0BJ-11A-23R-A089-07,-2.158083333,-2.2335,0.493333333,0
TCGA-BH-A18M-11A-33R-A12D-07,-2.723363636,-2.3495,-0.640166667,0
TCGA-B6-A0RL-01A-11R-A084-07,-0.259,-0.113,-0.922,1
TCGA-A1-A0SP-01A-11R-A084-07,-0.70975,-0.033,-1.812166667,1
TCGA-E2-A15M-11A-22R-A12D-07,-1.795083333,-1.98375,-0.050833333,0
TCGA-A8-A08A-01A-11R-A00Z-07,-1.617,-1.96025,0.25,1
TCGA-A2-A04W-01A-31R-A115-07,-2.373333333,-0.43675,-0.223,1
TCGA-A2-A0YL-01A-21R-A109-07,-1.720333333,-1.41625,0.017,1
TCGA-BH-A0H6-01A-21R-A056-07,-2.068833333,-1.59425,0.02083333333,1
TCGA-A8-A086-01A-11R-A00Z-07,-0.6456666667,-1.35425,-0.3031666667,1
TCGA-A2-A04Y-01A-21R-A034-07,-1.1105,0.1125,-1.3145,1
TCGA-E2-A158-11A-22R-A12D-07,-2.79625,-2.456,-0.8465,0
TCGA-BH-A0B5-11A-23R-A12P-07,-2.867083333,-3.4205,-0.861166667,0
TCGA-A7-A13F-11A-42R-A12P-07,-2.596333333,-2.8785,-0.4115,0
TCGA-B6-A0RG-01A-11R-A056-07,-1.573,-2.52775,0.1786666667,1
TCGA-BH-A0AU-11A-11R-A12P-07,-1.997916667,-3.80275,-0.184666667,0
TCGA-AO-A0JG-01A-31R-A084-07,-2.560333333,-1.882,-0.7936666667,1
TCGA-BH-A18R-11A-42R-A12D-07,-2.02525,-2.58175,-0.855666667,0
TCGA-C8-A1HF-01A-11R-A137-07,-0.955,0.596,-0.4913333333,1
TCGA-A8-A08G-01A-11R-A00Z-07,-0.9448333333,-0.3455,-0.4358333333,1
TCGA-BH-A0DV-11A-22R-A12P-07,-2.410333333,-2.1645,0.885833333,0
TCGA-AR-A0U4-01A-11R-A109-07,-1.831583333,-1.23875,0.3848333333,1
TCGA-E2-A15D-01A-11R-A115-07,-2.101583333,-1.48875,0.1458333333,1
TCGA-A2-A0ES-01A-11R-A115-07,-2.47525,-1.833,-0.159,1
TCGA-D8-A140-01A-11R-A115-07,-1.825,-0.641,0.2413333333,1
TCGA-BH-A0BQ-11A-33R-A115-07,-1.88375,-1.29425,0.3355,0
TCGA-E2-A15A-01A-11R-A12D-07,-0.7634166667,-0.856,-0.4703333333,1
TCGA-A2-A0T5-01A-21R-A084-07,-1.041916667,-1.24825,0.5188333333,1
TCGA-BH-A0H7-11A-13R-A089-07,-2.022166667,-1.6555,-0.446833333,0
TCGA-BH-A0C0-11A-21R-A089-07,-2.402583333,-2.331,0.135333333,0
TCGA-E2-A15I-11A-32R-A137-07,-2.527916667,-3.1455,-0.628666667,0
TCGA-AN-A0XW-01A-11R-A109-07,-1.187916667,-1.30375,-1.105333333,1
TCGA-E2-A153-11A-31R-A12D-07,-0.627,-2.07,-0.289333333,0
TCGA-BH-A0BA-11A-22R-A089-07,-1.53225,-1.4145,-0.6455,0
TCGA-BH-A1EW-11B-33R-A137-07,-1.965666667,-2.4405,-1.487666667,0
TCGA-BH-A0BQ-11A-33R-A115-07,-1.88375,-1.29425,0.3355,0
TCGA-BH-A0HF-01A-11R-A056-07,-2.046083333,-1.751,-0.4386666667,1
TCGA-A7-A0CE-11A-21R-A089-07,-2.149,-1.93275,-0.974666667,0
TCGA-BH-A0DK-01A-21R-A056-07,-1.733333333,-0.12375,0.0825,1
TCGA-BH-A1EO-11A-31R-A137-07,-1.994416667,-2.82425,-0.866166667,0
TCGA-BH-A0B3-11B-21R-A089-07,-2.307833333,-1.91125,-0.216166667,0
TCGA-B6-A0I9-01A-11R-A034-07,-1.272083333,0.552,-0.466,1
TCGA-D8-A145-01A-11R-A115-07,-2.71075,-1.57875,0.591,1
TCGA-B6-A0IC-01A-11R-A034-07,-1.344333333,-1.028,-0.1378333333,1
TCGA-BH-A0H5-11A-62R-A115-07,-2.185916667,-2.4985,-0.245333333,0
TCGA-BH-A0BA-11A-22R-A089-07,-1.53225,-1.4145,-0.6455,0
TCGA-A1-A0SO-01A-22R-A084-07,-0.1364166667,0.768,0.8111666667,1
TCGA-A2-A0D4-01A-11R-A00Z-07,-0.19375,-0.06875,-0.7678333333,1
TCGA-A2-A0SY-01A-31R-A084-07,-2.0965,-1.39175,-0.1855,1
TCGA-A7-A0CE-11A-21R-A089-07,-2.149,-1.93275,-0.974666667,0
TCGA-B6-A0RO-01A-22R-A084-07,-2.305083333,-1.66,0.1326666667,1
TCGA-A2-A0YT-01A-11R-A109-07,-1.046916667,-0.747,-0.2085,1
TCGA-BH-A18R-11A-42R-A12D-07,-2.02525,-2.58175,-0.855666667,0
TCGA-BH-A0HA-01A-11R-A12P-07,-2.258333333,-2.31675,1.250166667,1
TCGA-A8-A09B-01A-11R-A00Z-07,-0.9191666667,-1.32975,-0.02733333333,1
TCGA-BH-A0H5-11A-62R-A115-07,-2.185916667,-2.4985,-0.245333333,0
TCGA-BH-A0BS-11A-11R-A12P-07,-2.333272727,-1.778666667,0.029666667,0
TCGA-AN-A0XL-01A-11R-A10J-07,-1.126166667,-1.71,-0.8046666667,1
TCGA-E2-A15O-01A-11R-A115-07,-0.5191666667,-0.4815,0.9301666667,1
TCGA-C8-A12V-01A-11R-A115-07,-2.45725,-0.56975,-0.1738333333,1
TCGA-C8-A1HM-01A-12R-A137-07,-0.3119166667,0.79425,0.712,1
TCGA-A7-A0DB-11A-33R-A089-07,-1.928166667,-0.8015,-0.219166667,0
TCGA-C8-A12L-01A-11R-A115-07,-2.288916667,-0.863,0.08616666667,1
TCGA-AO-A03N-01B-11R-A10J-07,-0.5626666667,0.27575,-1.069833333,1
TCGA-BH-A0HX-01A-21R-A056-07,-1.47275,-1.325,0.05416666667,1
TCGA-BH-A0DI-01A-21R-A12P-07,-2.156545455,-1.51775,-0.3053333333,1
TCGA-BH-A1EO-11A-31R-A137-07,-1.994416667,-2.82425,-0.866166667,0
TCGA-AR-A1AJ-01A-21R-A12P-07,-1.210083333,-0.7165,0.09666666667,1
TCGA-BH-A18P-11A-43R-A12D-07,-2.626166667,-2.62725,-0.844333333,0
TCGA-BH-A1ET-11B-23R-A137-07,-2.880916667,-2.9755,-0.625166667,0
TCGA-A8-A093-01A-11R-A00Z-07,-1.4265,-1.62,-0.5601666667,1
TCGA-BH-A0HU-01A-11R-A034-07,-0.2628333333,0.7515,-0.7336666667,1
TCGA-BH-A18N-11A-43R-A12D-07,-2.244583333,-2.40275,-1.431333333,0
TCGA-AO-A125-01A-11R-A10J-07,-1.172083333,-1.199,-1.068333333,1
TCGA-BH-A0BS-11A-11R-A12P-07,-2.333272727,-1.778666667,0.029666667,0
TCGA-BH-A0BM-11A-12R-A089-07,-1.896166667,-1.93175,-0.159833333,0
TCGA-A7-A0CH-11A-32R-A089-07,-2.014666667,-1.56325,-1.242666667,0
TCGA-BH-A0DH-11A-31R-A089-07,-1.969083333,-2.81275,-1.562333333,0
TCGA-BH-A0BC-01A-22R-A084-07,-1.78525,-1.08975,-0.1926666667,1
TCGA-BH-A0BM-11A-12R-A089-07,-1.896166667,-1.93175,-0.159833333,0
TCGA-BH-A18L-11A-42R-A12D-07,-2.418333333,-3.41125,-1.0265,0
TCGA-BH-A0DD-11A-23R-A12P-07,-2.299,-2.1505,-0.946666667,0
TCGA-E2-A15I-01A-21R-A137-07,-2.210583333,-1.94225,-0.2706666667,1
TCGA-A8-A08F-01A-11R-A00Z-07,-2.625583333,0.4035,-0.6458333333,1
TCGA-BH-A0B7-11A-34R-A115-07,-2.439083333,-2.6525,0.4265,0
TCGA-AO-A12F-01A-11R-A115-07,-0.4531666667,1.25875,-1.132333333,1
TCGA-E2-A153-11A-31R-A12D-07,-0.627,-2.07,-0.289333333,0
TCGA-BH-A0E0-11A-13R-A089-07,-2.23025,-1.74925,-0.659666667,0
TCGA-BH-A1EO-11A-31R-A137-07,-1.994416667,-2.82425,-0.866166667,0
TCGA-A7-A0CE-11A-21R-A089-07,-2.149,-1.93275,-0.974666667,0
TCGA-AQ-A04H-01B-11R-A10J-07,-0.9071666667,-1.233,0.2856666667,1
TCGA-BH-A0DQ-11A-12R-A089-07,-2.23775,-2.17525,0.009666667,0
TCGA-BH-A0H5-11A-62R-A115-07,-2.185916667,-2.4985,-0.245333333,0
TCGA-BH-A0BQ-11A-33R-A115-07,-1.88375,-1.29425,0.3355,0
TCGA-BH-A0DK-11A-13R-A089-07,-2.22875,-1.57325,-0.125666667,0
TCGA-E2-A15I-11A-32R-A137-07,-2.527916667,-3.1455,-0.628666667,0
TCGA-BH-A0BZ-11A-61R-A12P-07,-2.6265,-2.9515,-0.639,0
TCGA-C8-A12O-01A-11R-A115-07,-0.9350833333,-1.5115,0.105,1
TCGA-A8-A07P-01A-11R-A00Z-07,-1.41675,-2.082,-0.3941666667,1
TCGA-A8-A06U-01A-11R-A00Z-07,-1.168166667,-0.91175,-1.896166667,1
TCGA-E2-A158-11A-22R-A12D-07,-2.79625,-2.456,-0.8465,0
TCGA-A8-A06P-01A-11R-A00Z-07,-2.1455,-1.74125,-0.03,1
TCGA-BH-A0HB-01A-11R-A056-07,-2.39875,-0.29375,-0.7593333333,1
TCGA-BH-A0DO-11A-22R-A12D-07,-2.243083333,-2.66075,0.369333333,0
TCGA-BH-A0BS-11A-11R-A12P-07,-2.333272727,-1.778666667,0.029666667,0
TCGA-BH-A1EU-11A-23R-A137-07,-2.476083333,-3.692,-0.347,0
TCGA-AR-A1AK-01A-21R-A12P-07,-1.128,-1.95125,-0.1081666667,1
TCGA-BH-A0DX-01A-11R-A115-07,-2.323090909,0.21825,-0.09533333333,1
TCGA-BH-A0H9-11A-22R-A089-07,-1.72325,-0.39075,-0.414333333,0
TCGA-A7-A13F-11A-42R-A12P-07,-2.596333333,-2.8785,-0.4115,0
TCGA-E2-A15K-01A-11R-A12P-07,-0.7509166667,0.3235,-0.1055,1
TCGA-BH-A0C3-11A-23R-A12P-07,-2.662166667,-2.58125,0.096166667,0
TCGA-C8-A131-01A-11R-A115-07,-0.8225833333,1.954,0.09133333333,1
TCGA-BH-A0DD-11A-23R-A12P-07,-2.299,-2.1505,-0.946666667,0
TCGA-BH-A0B7-11A-34R-A115-07,-2.439083333,-2.6525,0.4265,0
TCGA-BH-A1EW-11B-33R-A137-07,-1.965666667,-2.4405,-1.487666667,0
TCGA-A2-A0CM-01A-31R-A034-07,-1.279166667,0.42425,0.4903333333,1
TCGA-BH-A0E0-11A-13R-A089-07,-2.23025,-1.74925,-0.659666667,0
TCGA-BH-A0DP-11A-12R-A089-07,-2.53875,-2.29925,-0.115833333,0
TCGA-BH-A0DZ-01A-11R-A00Z-07,-2.311583333,-0.2435,0.1651666667,1
TCGA-AO-A0JM-01A-21R-A056-07,-1.780583333,-0.2995,-0.06183333333,1
TCGA-BH-A18Q-11A-34R-A12D-07,-2.086083333,-3.15925,-0.281666667,0
TCGA-E2-A15P-01A-11R-A115-07,-1.66025,-1.5365,-0.7238333333,1
TCGA-AN-A0FF-01A-11R-A034-07,-1.467583333,-0.4975,-0.5383333333,1
TCGA-B6-A0IK-01A-12R-A056-07,-0.8754166667,-0.578,0.7703333333,1
TCGA-A2-A0D3-01A-11R-A115-07,-2.427416667,-1.474,1.417,1
TCGA-BH-A18P-11A-43R-A12D-07,-2.626166667,-2.62725,-0.844333333,0
TCGA-BH-A0HA-11A-31R-A12P-07,-2.904833333,-3.0185,-0.015333333,0
TCGA-BH-A0E7-01A-11R-A034-07,-1.89875,-1.59675,-0.8673333333,1
TCGA-BH-A18K-01A-11R-A12D-07,-0.9399166667,0.6285,1.915,1
TCGA-A8-A06Y-01A-21R-A00Z-07,-1.553083333,-1.9245,0.1815,1
TCGA-A7-A0CH-11A-32R-A089-07,-2.014666667,-1.56325,-1.242666667,0
TCGA-E2-A10F-01A-11R-A10J-07,-1.298,-0.9895,-0.216,1
TCGA-BH-A0AU-11A-11R-A12P-07,-1.997916667,-3.80275,-0.184666667,0
TCGA-BH-A18V-11A-52R-A12D-07,-2.429083333,-2.3925,-0.435333333,0
TCGA-AN-A0G0-01A-11R-A034-07,-0.8018333333,0.10125,-1.904,1
TCGA-BH-A0AU-11A-11R-A12P-07,-1.997916667,-3.80275,-0.184666667,0
TCGA-BH-A18P-11A-43R-A12D-07,-2.626166667,-2.62725,-0.844333333,0
TCGA-B6-A0X7-01A-11R-A10J-07,-1.509666667,-1.3475,-0.8351666667,1
TCGA-E2-A1B4-01A-11R-A12P-07,-2.450166667,-1.27125,-0.2165,1
TCGA-BH-A18V-11A-52R-A12D-07,-2.429083333,-2.3925,-0.435333333,0
TCGA-BH-A0E0-11A-13R-A089-07,-2.23025,-1.74925,-0.659666667,0
TCGA-E2-A105-01A-11R-A10J-07,-0.4605,-0.7615,-0.7953333333,1
TCGA-E2-A1B5-01A-21R-A12P-07,-1.32575,0.8405,-0.5181666667,1
TCGA-B6-A0RQ-01A-11R-A115-07,-2.600333333,-2.751,-0.2416666667,1
TCGA-AO-A0J5-01A-11R-A034-07,-2.050916667,-1.779,-0.166,1
TCGA-BH-A0BS-11A-11R-A12P-07,-2.333272727,-1.778666667,0.029666667,0
TCGA-BH-A0H9-11A-22R-A089-07,-1.72325,-0.39075,-0.414333333,0
TCGA-BH-A18L-11A-42R-A12D-07,-2.418333333,-3.41125,-1.0265,0
TCGA-A2-A0CW-01A-21R-A115-07,-1.237583333,1.213,-2.347333333,1
TCGA-AR-A1AU-01A-11R-A12P-07,-1.544833333,-2.03475,-0.8101666667,1
TCGA-BH-A0BC-11A-22R-A089-07,-1.792583333,-1.64825,-2.3795,0
TCGA-BH-A18K-11A-13R-A12D-07,-2.428083333,-3.305,0.386333333,0
TCGA-BH-A0DK-11A-13R-A089-07,-2.22875,-1.57325,-0.125666667,0
TCGA-A8-A08I-01A-11R-A00Z-07,-0.773,-1.26775,-0.4935,1
TCGA-BH-A0GY-01A-11R-A056-07,-1.9185,-0.42775,0.5401666667,1
TCGA-E2-A153-11A-31R-A12D-07,-0.627,-2.07,-0.289333333,0
TCGA-A8-A099-01A-11R-A00Z-07,-1.311,-1.85375,0.2955,1
TCGA-BH-A0DP-11A-12R-A089-07,-2.53875,-2.29925,-0.115833333,0
TCGA-BH-A0B3-11B-21R-A089-07,-2.307833333,-1.91125,-0.216166667,0
TCGA-A7-A0DB-11A-33R-A089-07,-1.928166667,-0.8015,-0.219166667,0
TCGA-BH-A0E0-11A-13R-A089-07,-2.23025,-1.74925,-0.659666667,0
TCGA-BH-A18L-11A-42R-A12D-07,-2.418333333,-3.41125,-1.0265,0
TCGA-BH-A18K-11A-13R-A12D-07,-2.428083333,-3.305,0.386333333,0
TCGA-BH-A0BQ-11A-33R-A115-07,-1.88375,-1.29425,0.3355,0
TCGA-BH-A18N-11A-43R-A12D-07,-2.244583333,-2.40275,-1.431333333,0
TCGA-A7-A0DB-11A-33R-A089-07,-1.928166667,-0.8015,-0.219166667,0
TCGA-A2-A0CS-01A-11R-A115-07,-1.739166667,-0.5475,1.0105,1
TCGA-A8-A09Z-01A-11R-A00Z-07,-1.807166667,-1.34475,0.7451666667,1
TCGA-BH-A0DH-11A-31R-A089-07,-1.969083333,-2.81275,-1.562333333,0
TCGA-BH-A0DQ-11A-12R-A089-07,-2.23775,-2.17525,0.009666667,0
TCGA-BH-A0DL-11A-13R-A115-07,-2.019833333,-1.9985,-0.191333333,0
TCGA-BH-A0HA-11A-31R-A12P-07,-2.904833333,-3.0185,-0.015333333,0
TCGA-BH-A18U-11A-23R-A12D-07,-2.443833333,-2.623,-0.3935,0
TCGA-E2-A1B1-01A-21R-A12P-07,-2.416583333,-1.46375,0.1113333333,1
TCGA-BH-A0H7-11A-13R-A089-07,-2.022166667,-1.6555,-0.446833333,0
TCGA-A8-A075-01A-11R-A084-07,-1.421,0.11525,-1.825833333,1
TCGA-BH-A0C3-11A-23R-A12P-07,-2.662166667,-2.58125,0.096166667,0
TCGA-BH-A0E1-11A-13R-A089-07,-2.267416667,-1.5365,-0.153666667,0
TCGA-A7-A0CE-11A-21R-A089-07,-2.149,-1.93275,-0.974666667,0
TCGA-AR-A0TZ-01A-12R-A084-07,-0.2065833333,-0.944,0.1958333333,1
TCGA-A7-A13E-11A-61R-A12P-07,-2.816583333,-3.3685,0.0395,0
TCGA-B6-A0I6-01A-11R-A034-07,-3.3345,0.2575,-1.823,1
TCGA-BH-A1EU-01A-11R-A137-07,-2.155666667,-1.352,-0.1121666667,1
TCGA-BH-A0BJ-01A-11R-A056-07,-1.552,-1.92775,0.2656666667,1
TCGA-BH-A0H9-11A-22R-A089-07,-1.72325,-0.39075,-0.414333333,0
TCGA-AO-A12A-01A-21R-A115-07,-1.67375,-1.42775,1.3085,1
TCGA-BH-A18V-11A-52R-A12D-07,-2.429083333,-2.3925,-0.435333333,0
TCGA-AO-A0J6-01A-11R-A034-07,-0.4866666667,-0.6345,-2.113166667,1
TCGA-BH-A18M-11A-33R-A12D-07,-2.723363636,-2.3495,-0.640166667,0
TCGA-BH-A0BQ-11A-33R-A115-07,-1.88375,-1.29425,0.3355,0
TCGA-BH-A0C0-11A-21R-A089-07,-2.402583333,-2.331,0.135333333,0
TCGA-BH-A0H9-11A-22R-A089-07,-1.72325,-0.39075,-0.414333333,0
TCGA-BH-A0BZ-11A-61R-A12P-07,-2.6265,-2.9515,-0.639,0
TCGA-BH-A0HK-11A-11R-A089-07,-2.34625,-1.81,-0.088666667,0
TCGA-BH-A1F0-11B-23R-A137-07,-2.4855,-3.664,-0.4075,0
TCGA-BH-A0C1-01B-11R-A12D-07,-1.836,-1.12,0.7365,1
TCGA-BH-A0HA-11A-31R-A12P-07,-2.904833333,-3.0185,-0.015333333,0
TCGA-BH-A0DZ-11A-22R-A089-07,-1.776,-1.2245,0.490333333,0